Time,Axis,Raw_Value,Scaled_8bit,Event
1757029280.648155,Left_X,0.000000,127,
1757029280.648155,Left_Y,0.000000,127,
1757029280.648155,Right_X,0.000000,127,
1757029280.648155,Right_Y,0.000000,127,
1757029280.6982589,Left_X,0.011749,128,
1757029280.6982589,Left_Y,-0.035309,122,
1757029280.6982589,Right_X,-0.003937,126,
1757029280.6982589,Right_Y,0.027435,130,
1757029280.748366,Left_X,0.011749,128,
1757029280.748366,Left_Y,-0.035309,122,
1757029280.748366,Right_X,-0.003937,126,
1757029280.748366,Right_Y,0.027435,130,
1757029280.7985437,Left_X,0.011749,128,
1757029280.7985437,Left_Y,-0.035309,122,
1757029280.7985437,Right_X,-0.003937,126,
1757029280.7985437,Right_Y,0.027435,130,
1757029280.8487086,Left_X,0.011749,128,
1757029280.8487086,Left_Y,-0.035309,122,
1757029280.8487086,Right_X,-0.003937,126,
1757029280.8487086,Right_Y,0.027435,130,
1757029280.898825,Left_X,0.011749,128,
1757029280.898825,Left_Y,-0.035309,122,
1757029280.898825,Right_X,-0.003937,126,
1757029280.898825,Right_Y,0.027435,130,
1757029280.949137,Left_X,0.011749,128,
1757029280.949137,Left_Y,-0.035309,122,
1757029280.949137,Right_X,-0.003937,126,
1757029280.949137,Right_Y,0.027435,130,
1757029280.999331,Left_X,0.011749,128,
1757029280.999331,Left_Y,-0.035309,122,
1757029280.999331,Right_X,-0.003937,126,
1757029280.999331,Right_Y,0.027435,130,
1757029281.0499518,Left_X,0.011749,128,
1757029281.0499518,Left_Y,-0.035309,122,
1757029281.0499518,Right_X,-0.003937,126,
1757029281.0499518,Right_Y,0.027435,130,
1757029281.100558,Left_X,0.011749,128,
1757029281.100558,Left_Y,-0.035309,122,
1757029281.100558,Right_X,-0.003937,126,
1757029281.100558,Right_Y,0.027435,130,
1757029281.1511905,Left_X,0.011749,128,
1757029281.1511905,Left_Y,-0.035309,122,
1757029281.1511905,Right_X,-0.003937,126,
1757029281.1511905,Right_Y,0.027435,130,
1757029281.2018125,Left_X,0.011749,128,
1757029281.2018125,Left_Y,-0.035309,122,
1757029281.2018125,Right_X,-0.003937,126,
1757029281.2018125,Right_Y,0.027435,130,
1757029281.2524695,Left_X,0.011749,128,
1757029281.2524695,Left_Y,-0.035309,122,
1757029281.2524695,Right_X,-0.003937,126,
1757029281.2524695,Right_Y,0.027435,130,
1757029281.3031006,Left_X,0.011749,128,
1757029281.3031006,Left_Y,-0.035309,122,
1757029281.3031006,Right_X,-0.003937,126,
1757029281.3031006,Right_Y,0.027435,130,
1757029281.3537214,Left_X,0.011749,128,
1757029281.3537214,Left_Y,-0.035309,122,
1757029281.3537214,Right_X,-0.003937,126,
1757029281.3537214,Right_Y,0.027435,130,
1757029281.403873,Left_X,0.011749,128,
1757029281.403873,Left_Y,-0.035309,122,
1757029281.403873,Right_X,-0.003937,126,
1757029281.403873,Right_Y,0.027435,130,
1757029281.4544923,Left_X,0.011749,128,
1757029281.4544923,Left_Y,-0.035309,122,
1757029281.4544923,Right_X,-0.003937,126,
1757029281.4544923,Right_Y,0.027435,130,
1757029281.5046344,Left_X,0.011749,128,
1757029281.5046344,Left_Y,-0.035309,122,
1757029281.5046344,Right_X,-0.003937,126,
1757029281.5046344,Right_Y,0.027435,130,
1757029281.5551808,Left_X,0.011749,128,
1757029281.5551808,Left_Y,-0.035309,122,
1757029281.5551808,Right_X,-0.003937,126,
1757029281.5551808,Right_Y,0.027435,130,
1757029281.6057081,Left_X,0.011749,128,
1757029281.6057081,Left_Y,-0.035309,122,
1757029281.6057081,Right_X,-0.003937,126,
1757029281.6057081,Right_Y,0.027435,130,
1757029281.6562347,Left_X,0.011749,128,
1757029281.6562347,Left_Y,-0.035309,122,
1757029281.6562347,Right_X,-0.003937,126,
1757029281.6562347,Right_Y,0.027435,130,
1757029281.7067595,Left_X,0.937225,246,
1757029281.7067595,Left_Y,-0.686279,39,
1757029281.7067595,Right_X,-0.050995,120,
1757029281.7067595,Right_Y,0.027435,130,
1757029281.7580683,Left_X,0.733307,220,
1757029281.7580683,Left_Y,-0.913727,10,
1757029281.7580683,Right_X,-0.066681,118,
1757029281.7580683,Right_Y,0.027435,130,
1757029281.8085213,Left_X,0.325470,168,
1757029281.8085213,Left_Y,-1.000000,0,
1757029281.8085213,Right_X,-0.082367,116,
1757029281.8085213,Right_Y,0.027435,130,
1757029281.8599002,Left_X,0.066650,135,
1757029281.8599002,Left_Y,-1.000000,0,
1757029281.8599002,Right_X,-0.082367,116,
1757029281.8599002,Right_Y,0.027435,130,
1757029281.9099698,Left_X,-0.474518,66,
1757029281.9099698,Left_Y,-1.000000,0,
1757029281.9099698,Right_X,-0.074524,117,
1757029281.9099698,Right_Y,0.027435,130,
1757029281.9598145,Left_X,-0.937256,7,
1757029281.9598145,Left_Y,-0.537262,58,
1757029281.9598145,Right_X,-0.043152,121,
1757029281.9598145,Right_Y,0.027435,130,
1757029282.0104713,Left_X,-1.000000,0,
1757029282.0104713,Left_Y,0.035278,131,
1757029282.0104713,Right_X,0.003906,127,
1757029282.0104713,Right_Y,0.027435,130,
1757029282.0611227,Left_X,-0.882355,14,
1757029282.0611227,Left_Y,0.364685,173,
1757029282.0611227,Right_X,0.019592,129,
1757029282.0611227,Right_Y,0.027435,130,
1757029282.1117713,Left_X,-0.945099,6,
1757029282.1117713,Left_Y,0.662720,211,
1757029282.1117713,Right_X,0.050964,133,
1757029282.1117713,Right_Y,0.027435,130,
1757029282.1622453,Left_X,-0.725494,34,
1757029282.1622453,Left_Y,0.898010,241,
1757029282.1622453,Right_X,0.066650,135,
1757029282.1622453,Right_Y,0.027435,130,
1757029282.2128673,Left_X,-0.537262,58,
1757029282.2128673,Left_Y,0.999969,254,
1757029282.2128673,Right_X,0.074493,136,
1757029282.2128673,Right_Y,0.027435,130,
1757029282.2632625,Left_X,0.058807,134,
1757029282.2632625,Left_Y,0.999969,254,
1757029282.2632625,Right_X,0.082336,137,
1757029282.2632625,Right_Y,0.027435,130,
1757029282.3141937,Left_X,0.772522,225,
1757029282.3141937,Left_Y,0.835266,233,
1757029282.3141937,Right_X,0.058807,134,
1757029282.3141937,Right_Y,0.027435,130,
1757029282.365056,Left_X,0.999969,254,
1757029282.365056,Left_Y,0.348999,171,
1757029282.365056,Right_X,0.019592,129,
1757029282.365056,Right_Y,0.027435,130,
1757029282.4151351,Left_X,0.999969,254,
1757029282.4151351,Left_Y,0.090179,138,
1757029282.4151351,Right_X,0.003906,127,
1757029282.4151351,Right_Y,0.027435,130,
1757029282.4656556,Left_X,0.999969,254,
1757029282.4656556,Left_Y,-0.082367,116,
1757029282.4656556,Right_X,-0.003937,126,
1757029282.4656556,Right_Y,0.027435,130,
1757029282.5164218,Left_X,0.999969,254,
1757029282.5164218,Left_Y,-0.474518,66,
1757029282.5164218,Right_X,-0.035309,122,
1757029282.5164218,Right_Y,0.027435,130,
1757029282.5668416,Left_X,0.607819,204,
1757029282.5668416,Left_Y,-1.000000,0,
1757029282.5668416,Right_X,-0.074524,117,
1757029282.5668416,Right_Y,0.027435,130,
1757029282.6179914,Left_X,0.294098,164,
1757029282.6179914,Left_Y,-1.000000,0,
1757029282.6179914,Right_X,-0.082367,116,
1757029282.6179914,Right_Y,0.027435,130,
1757029282.668164,Left_X,-0.082367,116,
1757029282.668164,Left_Y,-1.000000,0,
1757029282.668164,Right_X,-0.082367,116,
1757029282.668164,Right_Y,0.027435,130,
1757029282.7184103,Left_X,-0.592163,51,
1757029282.7184103,Left_Y,-0.976471,2,
1757029282.7184103,Right_X,-0.019623,124,
1757029282.7184103,Right_Y,0.027435,130,
1757029282.768428,Left_X,-0.874512,15,
1757029282.768428,Left_Y,-0.662750,42,
1757029282.768428,Right_X,0.035278,131,
1757029282.768428,Right_Y,0.027435,130,
1757029282.8190856,Left_X,-1.000000,0,
1757029282.8190856,Left_Y,-0.349030,82,
1757029282.8190856,Right_X,0.270569,161,
1757029282.8190856,Right_Y,0.027435,130,
1757029282.8694835,Left_X,-0.819611,22,
1757029282.8694835,Left_Y,-0.019623,124,
1757029282.8694835,Right_X,0.850952,235,
1757029282.8694835,Right_Y,-0.035309,122,
1757029282.920343,Left_X,-0.905884,11,
1757029282.920343,Left_Y,0.129395,143,
1757029282.920343,Right_X,0.999969,254,
1757029282.920343,Right_Y,-0.043152,121,
1757029282.970828,Left_X,-0.035309,122,
1757029282.970828,Left_Y,-0.027466,123,
1757029282.970828,Right_X,0.999969,254,
1757029282.970828,Right_Y,0.207825,153,
1757029283.0212815,Left_X,-0.035309,122,
1757029283.0212815,Left_Y,-0.027466,123,
1757029283.0212815,Right_X,0.780365,226,
1757029283.0212815,Right_Y,0.756836,223,
1757029283.0713606,Left_X,-0.035309,122,
1757029283.0713606,Left_Y,-0.027466,123,
1757029283.0713606,Right_X,0.317627,167,
1757029283.0713606,Right_Y,0.999969,254,
1757029283.1222944,Left_X,-0.035309,122,
1757029283.1222944,Left_Y,-0.027466,123,
1757029283.1222944,Right_X,-0.301971,88,
1757029283.1222944,Right_Y,0.999969,254,
1757029283.172017,Left_X,-0.035309,122,
1757029283.172017,Left_Y,-0.027466,123,
1757029283.172017,Right_X,-0.937256,7,
1757029283.172017,Right_Y,0.458801,185,
1757029283.2228947,Left_X,-0.035309,122,
1757029283.2228947,Left_Y,-0.027466,123,
1757029283.2228947,Right_X,-1.000000,0,
1757029283.2228947,Right_Y,-0.239227,96,
1757029283.2736197,Left_X,-0.043152,121,
1757029283.2736197,Left_Y,-0.027466,123,
1757029283.2736197,Right_X,-0.717651,35,
1757029283.2736197,Right_Y,-0.819611,22,
1757029283.3247545,Left_X,-0.035309,122,
1757029283.3247545,Left_Y,-0.027466,123,
1757029283.3247545,Right_X,0.082336,137,
1757029283.3247545,Right_Y,-1.000000,0,
1757029283.3755417,Left_X,-0.035309,122,
1757029283.3755417,Left_Y,-0.043152,121,
1757029283.3755417,Right_X,0.874481,238,
1757029283.3755417,Right_Y,-0.647064,44,
1757029283.4250834,Left_X,-0.035309,122,
1757029283.4250834,Left_Y,-0.058838,119,
1757029283.4250834,Right_X,0.999969,254,
1757029283.4250834,Right_Y,-0.074524,117,
1757029283.4754229,Left_X,-0.035309,122,
1757029283.4754229,Left_Y,-0.058838,119,
1757029283.4754229,Right_X,0.976440,251,
1757029283.4754229,Right_Y,0.317627,167,
1757029283.5254009,Left_X,-0.043152,121,
1757029283.5254009,Left_Y,-0.050995,120,
1757029283.5254009,Right_X,0.576447,200,
1757029283.5254009,Right_Y,0.921539,244,
1757029283.5761695,Left_X,-0.043152,121,
1757029283.5761695,Left_Y,-0.043152,121,
1757029283.5761695,Right_X,-0.184326,103,
1757029283.5761695,Right_Y,0.999969,254,
1757029283.6267908,Left_X,-0.043152,121,
1757029283.6267908,Left_Y,-0.019623,124,
1757029283.6267908,Right_X,-0.749023,31,
1757029283.6267908,Right_Y,0.780365,226,
1757029283.6769576,Left_X,0.129395,143,
1757029283.6769576,Left_Y,0.019592,129,
1757029283.6769576,Right_X,-1.000000,0,
1757029283.6769576,Right_Y,0.074493,136,
1757029283.7272773,Left_X,0.011749,128,
1757029283.7272773,Left_Y,0.019592,129,
1757029283.7272773,Right_X,-1.000000,0,
1757029283.7272773,Right_Y,-0.325500,85,
1757029283.7780278,Left_X,0.027435,130,
1757029283.7780278,Left_Y,0.019592,129,
1757029283.7780278,Right_X,-0.568634,54,
1757029283.7780278,Right_Y,-0.921570,9,
1757029283.8289044,Left_X,0.035278,131,
1757029283.8289044,Left_Y,-0.019623,124,
1757029283.8289044,Right_X,0.592133,202,
1757029283.8289044,Right_Y,-0.905884,11,
1757029283.878984,Left_X,0.035278,131,
1757029283.878984,Left_Y,-0.043152,121,
1757029283.878984,Right_X,0.999969,254,
1757029283.878984,Right_Y,-0.278442,91,
1757029283.9302356,Left_X,0.035278,131,
1757029283.9302356,Left_Y,-0.058838,119,
1757029283.9302356,Right_X,0.999969,254,
1757029283.9302356,Right_Y,0.309784,166,
1757029283.980538,Left_X,0.035278,131,
1757029283.980538,Left_Y,-0.074524,117,
1757029283.980538,Right_X,0.827423,232,
1757029283.980538,Right_Y,0.709778,217,
1757029284.0311306,Left_X,0.152924,146,
1757029284.0311306,Left_Y,-0.231384,97,
1757029284.0311306,Right_X,0.270569,161,
1757029284.0311306,Right_Y,0.999969,254,
1757029284.0816383,Left_X,0.348999,171,
1757029284.0816383,Left_Y,-0.639221,45,
1757029284.0816383,Right_X,-0.419617,73,
1757029284.0816383,Right_Y,0.999969,254,
1757029284.131466,Left_X,0.419586,180,
1757029284.131466,Left_Y,-1.000000,0,
1757029284.131466,Right_X,-0.647064,44,
1757029284.131466,Right_Y,0.850952,235,
1757029284.1816797,Left_X,0.348999,171,
1757029284.1816797,Left_Y,-1.000000,0,
1757029284.1816797,Right_X,-0.803925,24,
1757029284.1816797,Right_Y,0.662720,211,
1757029284.232693,Left_X,0.239197,157,
1757029284.232693,Left_Y,-1.000000,0,
1757029284.232693,Right_X,-0.333344,84,
1757029284.232693,Right_Y,0.074493,136,
1757029284.282727,Left_X,-0.168640,105,
1757029284.282727,Left_Y,-1.000000,0,
1757029284.282727,Right_X,-0.145111,108,
1757029284.282727,Right_Y,0.003906,127,
1757029284.3335817,Left_X,-0.498047,63,
1757029284.3335817,Left_Y,-1.000000,0,
1757029284.3335817,Right_X,-0.082367,116,
1757029284.3335817,Right_Y,-0.003937,126,
1757029284.383724,Left_X,-0.615692,48,
1757029284.383724,Left_Y,-0.952942,5,
1757029284.383724,Right_X,-0.105896,113,
1757029284.383724,Right_Y,-0.035309,122,
1757029284.4345987,Left_X,-0.780396,27,
1757029284.4345987,Left_Y,-0.803925,24,
1757029284.4345987,Right_X,-0.090210,115,
1757029284.4345987,Right_Y,-0.058838,119,
1757029284.4848242,Left_X,-0.960785,4,
1757029284.4848242,Left_Y,-0.435303,71,
1757029284.4848242,Right_X,-0.090210,115,
1757029284.4848242,Right_Y,-0.152954,107,
1757029284.534729,Left_X,-0.890198,13,
1757029284.534729,Left_Y,0.568604,199,
1757029284.534729,Right_X,-0.247070,95,
1757029284.534729,Right_Y,-0.678436,40,
1757029284.585003,Left_X,-0.529419,59,
1757029284.585003,Left_Y,0.999969,254,
1757029284.585003,Right_X,-0.286285,90,
1757029284.585003,Right_Y,-1.000000,0,
1757029284.6355479,Left_X,-0.294128,89,
1757029284.6355479,Left_Y,0.999969,254,
1757029284.6355479,Right_X,-0.262756,93,
1757029284.6355479,Right_Y,-1.000000,0,
1757029284.6866183,Left_X,0.192139,151,
1757029284.6866183,Left_Y,0.976440,251,
1757029284.6866183,Right_X,-0.270599,92,
1757029284.6866183,Right_Y,-1.000000,0,
1757029284.7364328,Left_X,0.568604,199,
1757029284.7364328,Left_Y,0.639191,208,
1757029284.7364328,Right_X,-0.278442,91,
1757029284.7364328,Right_Y,-0.819611,22,
1757029284.7865527,Left_X,0.999969,254,
1757029284.7865527,Left_Y,0.090179,138,
1757029284.7865527,Right_X,-0.286285,90,
1757029284.7865527,Right_Y,-0.184326,103,
1757029284.8375385,Left_X,0.999969,254,
1757029284.8375385,Left_Y,-0.380402,78,
1757029284.8375385,Right_X,-0.145111,108,
1757029284.8375385,Right_Y,0.137238,144,
1757029284.888062,Left_X,0.999969,254,
1757029284.888062,Left_Y,-0.592163,51,
1757029284.888062,Right_X,-0.019623,124,
1757029284.888062,Right_Y,0.866638,237,
1757029284.9382093,Left_X,0.780365,226,
1757029284.9382093,Left_Y,-0.882355,14,
1757029284.9382093,Right_X,0.176453,149,
1757029284.9382093,Right_Y,0.999969,254,
1757029284.9883747,Left_X,0.215668,154,
1757029284.9883747,Left_Y,-1.000000,0,
1757029284.9883747,Right_X,0.184296,150,
1757029284.9883747,Right_Y,0.999969,254,
1757029285.0384626,Left_X,-0.505890,62,
1757029285.0384626,Left_Y,-1.000000,0,
1757029285.0384626,Right_X,0.192139,151,
1757029285.0384626,Right_Y,0.999969,254,
1757029285.0894897,Left_X,-0.913727,10,
1757029285.0894897,Left_Y,-0.607849,49,
1757029285.0894897,Right_X,-0.309814,87,
1757029285.0894897,Right_Y,0.772522,225,
1757029285.1403453,Left_X,-1.000000,0,
1757029285.1403453,Left_Y,-0.184326,103,
1757029285.1403453,Right_X,-0.858826,17,
1757029285.1403453,Right_Y,0.090179,138,
1757029285.1906147,Left_X,-1.000000,0,
1757029285.1906147,Left_Y,0.254883,159,
1757029285.1906147,Right_X,-1.000000,0,
1757029285.1906147,Right_Y,-0.341187,83,
1757029285.241329,Left_X,-0.874512,15,
1757029285.241329,Left_Y,0.733307,220,
1757029285.241329,Right_X,-0.858826,17,
1757029285.241329,Right_Y,-0.686279,39,
1757029285.2918375,Left_X,-0.231384,97,
1757029285.2918375,Left_Y,0.984283,252,
1757029285.2918375,Right_X,-0.411774,74,
1757029285.2918375,Right_Y,-0.976471,2,
1757029285.3422132,Left_X,0.607819,204,
1757029285.3422132,Left_Y,0.929382,245,
1757029285.3422132,Right_X,0.411743,179,
1757029285.3422132,Right_Y,-0.984314,1,
1757029285.3926902,Left_X,0.921539,244,
1757029285.3926902,Left_Y,0.607819,204,
1757029285.3926902,Right_X,0.890167,240,
1757029285.3926902,Right_Y,-0.584320,52,
1757029285.443218,Left_X,0.999969,254,
1757029285.443218,Left_Y,-0.019623,124,
1757029285.443218,Right_X,0.999969,254,
1757029285.443218,Right_Y,0.231354,156,
1757029285.4943788,Left_X,0.999969,254,
1757029285.4943788,Left_Y,-0.482361,65,
1757029285.4943788,Right_X,0.670563,212,
1757029285.4943788,Right_Y,0.850952,235,
1757029285.5440168,Left_X,0.913696,243,
1757029285.5440168,Left_Y,-0.741180,32,
1757029285.5440168,Right_X,0.035278,131,
1757029285.5440168,Right_Y,0.999969,254,
1757029285.594449,Left_X,0.458801,185,
1757029285.594449,Left_Y,-1.000000,0,
1757029285.594449,Right_X,-0.866669,16,
1757029285.594449,Right_Y,0.639191,208,
1757029285.644639,Left_X,-0.231384,97,
1757029285.644639,Left_Y,-1.000000,0,
1757029285.644639,Right_X,-1.000000,0,
1757029285.644639,Right_Y,-0.098053,114,
1757029285.6953142,Left_X,-0.811768,23,
1757029285.6953142,Left_Y,-0.749023,31,
1757029285.6953142,Right_X,-0.929413,8,
1757029285.6953142,Right_Y,-0.592163,51,
1757029285.7450593,Left_X,-0.968628,3,
1757029285.7450593,Left_Y,-0.388245,77,
1757029285.7450593,Right_X,-0.372559,79,
1757029285.7450593,Right_Y,-0.984314,1,
1757029285.7959573,Left_X,-0.984314,1,
1757029285.7959573,Left_Y,0.043121,132,
1757029285.7959573,Right_X,0.529388,194,
1757029285.7959573,Right_Y,-0.929413,8,
1757029285.847036,Left_X,-1.000000,0,
1757029285.847036,Left_Y,0.466644,186,
1757029285.847036,Right_X,0.999969,254,
1757029285.847036,Right_Y,-0.341187,83,
1757029285.8984303,Left_X,-0.756866,30,
1757029285.8984303,Left_Y,0.811737,230,
1757029285.8984303,Right_X,0.999969,254,
1757029285.8984303,Right_Y,0.145081,145,
1757029285.9490726,Left_X,0.027435,130,
1757029285.9490726,Left_Y,0.999969,254,
1757029285.9490726,Right_X,0.701935,216,
1757029285.9490726,Right_Y,0.835266,233,
1757029285.9992228,Left_X,0.662720,211,
1757029285.9992228,Left_Y,0.898010,241,
1757029285.9992228,Right_X,-0.270599,92,
1757029285.9992228,Right_Y,0.999969,254,
1757029286.0501213,Left_X,0.827423,232,
1757029286.0501213,Left_Y,0.733307,220,
1757029286.0501213,Right_X,-0.984314,1,
1757029286.0501213,Right_Y,0.403900,178,
1757029286.1007938,Left_X,0.952911,248,
1757029286.1007938,Left_Y,0.552917,197,
1757029286.1007938,Right_X,-1.000000,0,
1757029286.1007938,Right_Y,-0.074524,117,
1757029286.1518326,Left_X,0.019592,129,
1757029286.1518326,Left_Y,-0.027466,123,
1757029286.1518326,Right_X,-0.976471,2,
1757029286.1518326,Right_Y,-0.341187,83,
1757029286.202244,Left_X,0.019592,129,
1757029286.202244,Left_Y,-0.027466,123,
1757029286.202244,Right_X,-0.411774,74,
1757029286.202244,Right_Y,-0.474518,66,
1757029286.2525265,Left_X,0.019592,129,
1757029286.2525265,Left_Y,-0.027466,123,
1757029286.2525265,Right_X,0.035278,131,
1757029286.2525265,Right_Y,0.043121,132,
1757029286.3030295,Left_X,0.019592,129,
1757029286.3030295,Left_Y,-0.027466,123,
1757029286.3030295,Right_X,0.388214,176,
1757029286.3030295,Right_Y,0.082336,137,
1757029286.3535593,Left_X,0.019592,129,
1757029286.3535593,Left_Y,-0.027466,123,
1757029286.3535593,Right_X,0.999969,254,
1757029286.3535593,Right_Y,0.090179,138,
1757029286.4039068,Left_X,0.019592,129,
1757029286.4039068,Left_Y,-0.027466,123,
1757029286.4039068,Right_X,0.999969,254,
1757029286.4039068,Right_Y,0.231354,156,
1757029286.453866,Left_X,0.019592,129,
1757029286.453866,Left_Y,-0.027466,123,
1757029286.453866,Right_X,0.764679,224,
1757029286.453866,Right_Y,0.474487,187,
1757029286.5039942,Left_X,0.019592,129,
1757029286.5039942,Left_Y,-0.027466,123,
1757029286.5039942,Right_X,0.035278,131,
1757029286.5039942,Right_Y,0.043121,132,
1757029286.5546243,Left_X,0.019592,129,
1757029286.5546243,Left_Y,-0.027466,123,
1757029286.5546243,Right_X,0.066650,135,
1757029286.5546243,Right_Y,0.003906,127,
1757029286.604792,Left_X,0.019592,129,
1757029286.604792,Left_Y,-0.027466,123,
1757029286.604792,Right_X,0.999969,254,
1757029286.604792,Right_Y,-0.270599,92,
1757029286.6558022,Left_X,0.027435,130,
1757029286.6558022,Left_Y,-0.027466,123,
1757029286.6558022,Right_X,0.999969,254,
1757029286.6558022,Right_Y,-0.270599,92,
1757029286.7061393,Left_X,0.098022,139,
1757029286.7061393,Left_Y,-0.027466,123,
1757029286.7061393,Right_X,0.999969,254,
1757029286.7061393,Right_Y,-0.270599,92,
1757029286.7571473,Left_X,-0.184326,103,
1757029286.7571473,Left_Y,0.027435,130,
1757029286.7571473,Right_X,0.780365,226,
1757029286.7571473,Right_Y,-0.270599,92,
1757029286.8080037,Left_X,-0.552948,56,
1757029286.8080037,Left_Y,0.019592,129,
1757029286.8080037,Right_X,0.098022,139,
1757029286.8080037,Right_Y,-0.050995,120,
1757029286.8584223,Left_X,-0.552948,56,
1757029286.8584223,Left_Y,0.027435,130,
1757029286.8584223,Right_X,0.019592,129,
1757029286.8584223,Right_Y,0.027435,130,
1757029286.9084818,Left_X,-0.231384,97,
1757029286.9084818,Left_Y,0.035278,131,
1757029286.9084818,Right_X,0.011749,128,
1757029286.9084818,Right_Y,0.035278,131,
1757029286.959022,Left_X,-0.113739,112,
1757029286.959022,Left_Y,0.019592,129,
1757029286.959022,Right_X,0.011749,128,
1757029286.959022,Right_Y,0.035278,131,
1757029287.0090518,Left_X,-0.113739,112,
1757029287.0090518,Left_Y,0.011749,128,
1757029287.0090518,Right_X,0.003906,127,
1757029287.0090518,Right_Y,0.035278,131,
1757029287.0595767,Left_X,-0.223541,98,
1757029287.0595767,Left_Y,0.003906,127,
1757029287.0595767,Right_X,0.011749,128,
1757029287.0595767,Right_Y,0.050964,133,
1757029287.1098275,Left_X,-0.662750,42,
1757029287.1098275,Left_Y,-0.058838,119,
1757029287.1098275,Right_X,0.027435,130,
1757029287.1098275,Right_Y,0.058807,134,
1757029287.1601827,Left_X,-1.000000,0,
1757029287.1601827,Left_Y,-0.066681,118,
1757029287.1601827,Right_X,0.082336,137,
1757029287.1601827,Right_Y,0.058807,134,
1757029287.2103248,Left_X,-0.992157,0,
1757029287.2103248,Left_Y,-0.066681,118,
1757029287.2103248,Right_X,0.380371,175,
1757029287.2103248,Right_Y,0.090179,138,
1757029287.2603369,Left_X,-1.000000,0,
1757029287.2603369,Left_Y,-0.066681,118,
1757029287.2603369,Right_X,0.450958,184,
1757029287.2603369,Right_Y,0.090179,138,
1757029287.31125,Left_X,-0.733337,33,
1757029287.31125,Left_Y,-0.066681,118,
1757029287.31125,Right_X,0.419586,180,
1757029287.31125,Right_Y,0.074493,136,
1757029287.3619058,Left_X,-0.098053,114,
1757029287.3619058,Left_Y,-0.066681,118,
1757029287.3619058,Right_X,0.129395,143,
1757029287.3619058,Right_Y,0.058807,134,
1757029287.4119387,Left_X,-0.043152,121,
1757029287.4119387,Left_Y,-0.066681,118,
1757029287.4119387,Right_X,0.035278,131,
1757029287.4119387,Right_Y,0.019592,129,
1757029287.4619892,Left_X,-0.043152,121,
1757029287.4619892,Left_Y,-0.058838,119,
1757029287.4619892,Right_X,-0.019623,124,
1757029287.4619892,Right_Y,-0.066681,118,
1757029287.5130625,Left_X,-0.043152,121,
1757029287.5130625,Left_Y,-0.058838,119,
1757029287.5130625,Right_X,0.035278,131,
1757029287.5130625,Right_Y,-0.011780,125,
1757029287.5636473,Left_X,-0.043152,121,
1757029287.5636473,Left_Y,-0.058838,119,
1757029287.5636473,Right_X,0.529388,194,
1757029287.5636473,Right_Y,0.043121,132,
1757029287.614454,Left_X,-0.043152,121,
1757029287.614454,Left_Y,-0.058838,119,
1757029287.614454,Right_X,0.999969,254,
1757029287.614454,Right_Y,0.011749,128,
1757029287.6649277,Left_X,-0.043152,121,
1757029287.6649277,Left_Y,-0.058838,119,
1757029287.6649277,Right_X,0.999969,254,
1757029287.6649277,Right_Y,-0.113739,112,
1757029287.7159534,Left_X,-0.043152,121,
1757029287.7159534,Left_Y,-0.058838,119,
1757029287.7159534,Right_X,0.450958,184,
1757029287.7159534,Right_Y,-0.223541,98,
1757029287.7659974,Left_X,-0.043152,121,
1757029287.7659974,Left_Y,-0.058838,119,
1757029287.7659974,Right_X,-0.019623,124,
1757029287.7659974,Right_Y,0.027435,130,
1757029287.8165355,Left_X,-0.043152,121,
1757029287.8165355,Left_Y,-0.058838,119,
1757029287.8165355,Right_X,-0.019623,124,
1757029287.8165355,Right_Y,0.027435,130,
1757029287.8665862,Left_X,-0.043152,121,
1757029287.8665862,Left_Y,-0.058838,119,
1757029287.8665862,Right_X,-0.019623,124,
1757029287.8665862,Right_Y,0.027435,130,
1757029287.917128,Left_X,-0.043152,121,
1757029287.917128,Left_Y,-0.058838,119,
1757029287.917128,Right_X,-0.019623,124,
1757029287.917128,Right_Y,0.027435,130,
1757029287.9671767,Left_X,-0.043152,121,
1757029287.9671767,Left_Y,-0.050995,120,
1757029287.9671767,Right_X,-0.019623,124,
1757029287.9671767,Right_Y,0.027435,130,
1757029288.0182195,Left_X,-0.043152,121,
1757029288.0182195,Left_Y,-0.035309,122,
1757029288.0182195,Right_X,-0.019623,124,
1757029288.0182195,Right_Y,0.027435,130,
1757029288.0682652,Left_X,-0.043152,121,
1757029288.0682652,Left_Y,-0.027466,123,
1757029288.0682652,Right_X,-0.019623,124,
1757029288.0682652,Right_Y,0.027435,130,
1757029288.1192687,Left_X,-0.043152,121,
1757029288.1192687,Left_Y,-0.027466,123,
1757029288.1192687,Right_X,-0.019623,124,
1757029288.1192687,Right_Y,0.027435,130,
1757029288.1694243,Left_X,-0.035309,122,
1757029288.1694243,Left_Y,-0.027466,123,
1757029288.1694243,Right_X,-0.019623,124,
1757029288.1694243,Right_Y,0.027435,130,
1757029288.219882,Left_X,-0.011780,125,
1757029288.219882,Left_Y,-0.027466,123,
1757029288.219882,Right_X,-0.019623,124,
1757029288.219882,Right_Y,0.027435,130,
1757029288.2700386,Left_X,0.027435,130,
1757029288.2700386,Left_Y,-0.027466,123,
1757029288.2700386,Right_X,-0.019623,124,
1757029288.2700386,Right_Y,0.027435,130,
1757029288.3206532,Left_X,0.294098,164,
1757029288.3206532,Left_Y,-0.098053,114,
1757029288.3206532,Right_X,-0.019623,124,
1757029288.3206532,Right_Y,0.027435,130,
1757029288.3710613,Left_X,0.764679,224,
1757029288.3710613,Left_Y,-0.254913,94,
1757029288.3710613,Right_X,-0.019623,124,
1757029288.3710613,Right_Y,0.027435,130,
1757029288.4209697,Left_X,0.976440,251,
1757029288.4209697,Left_Y,-0.278442,91,
1757029288.4209697,Right_X,-0.027466,123,
1757029288.4209697,Right_Y,0.027435,130,
1757029288.4714634,Left_X,0.890167,240,
1757029288.4714634,Left_Y,-0.270599,92,
1757029288.4714634,Right_X,-0.027466,123,
1757029288.4714634,Right_Y,0.027435,130,
1757029288.5211537,Left_X,0.043121,132,
1757029288.5211537,Left_Y,-0.035309,122,
1757029288.5211537,Right_X,-0.019623,124,
1757029288.5211537,Right_Y,0.027435,130,
1757029288.571319,Left_X,0.050964,133,
1757029288.571319,Left_Y,-0.035309,122,
1757029288.571319,Right_X,-0.019623,124,
1757029288.571319,Right_Y,0.027435,130,
1757029288.6219723,Left_X,0.050964,133,
1757029288.6219723,Left_Y,-0.035309,122,
1757029288.6219723,Right_X,-0.011780,125,
1757029288.6219723,Right_Y,0.027435,130,
1757029288.6721206,Left_X,0.050964,133,
1757029288.6721206,Left_Y,-0.035309,122,
1757029288.6721206,Right_X,-0.019623,124,
1757029288.6721206,Right_Y,0.027435,130,
1757029288.7222924,Left_X,0.090179,138,
1757029288.7222924,Left_Y,-0.058838,119,
1757029288.7222924,Right_X,-0.019623,124,
1757029288.7222924,Right_Y,0.027435,130,
1757029288.7726007,Left_X,0.866638,237,
1757029288.7726007,Left_Y,-0.090210,115,
1757029288.7726007,Right_X,-0.019623,124,
1757029288.7726007,Right_Y,0.027435,130,
1757029288.8235335,Left_X,0.999969,254,
1757029288.8235335,Left_Y,-0.090210,115,
1757029288.8235335,Right_X,-0.019623,124,
1757029288.8235335,Right_Y,0.027435,130,
1757029288.8739753,Left_X,0.945068,247,
1757029288.8739753,Left_Y,-0.090210,115,
1757029288.8739753,Right_X,-0.019623,124,
1757029288.8739753,Right_Y,0.027435,130,
1757029288.9238005,Left_X,0.003906,127,
1757029288.9238005,Left_Y,-0.043152,121,
1757029288.9238005,Right_X,-0.019623,124,
1757029288.9238005,Right_Y,0.027435,130,
1757029288.973957,Left_X,-0.003937,126,
1757029288.973957,Left_Y,-0.043152,121,
1757029288.973957,Right_X,-0.019623,124,
1757029288.973957,Right_Y,0.027435,130,
1757029289.0245788,Left_X,-0.003937,126,
1757029289.0245788,Left_Y,-0.043152,121,
1757029289.0245788,Right_X,-0.019623,124,
1757029289.0245788,Right_Y,0.027435,130,
1757029289.0749524,Left_X,-0.003937,126,
1757029289.0749524,Left_Y,-0.043152,121,
1757029289.0749524,Right_X,-0.019623,124,
1757029289.0749524,Right_Y,0.027435,130,
1757029289.1257823,Left_X,-0.003937,126,
1757029289.1257823,Left_Y,-0.043152,121,
1757029289.1257823,Right_X,-0.019623,124,
1757029289.1257823,Right_Y,0.027435,130,
1757029289.1759326,Left_X,-0.003937,126,
1757029289.1759326,Left_Y,-0.043152,121,
1757029289.1759326,Right_X,-0.019623,124,
1757029289.1759326,Right_Y,0.027435,130,
1757029289.2265508,Left_X,-0.003937,126,
1757029289.2265508,Left_Y,-0.043152,121,
1757029289.2265508,Right_X,-0.019623,124,
1757029289.2265508,Right_Y,0.027435,130,
1757029289.277196,Left_X,-0.003937,126,
1757029289.277196,Left_Y,-0.043152,121,
1757029289.277196,Right_X,-0.019623,124,
1757029289.277196,Right_Y,0.027435,130,
1757029289.3283274,Left_X,-0.003937,126,
1757029289.3283274,Left_Y,-0.050995,120,
1757029289.3283274,Right_X,-0.019623,124,
1757029289.3283274,Right_Y,0.027435,130,
1757029289.378981,Left_X,-0.003937,126,
1757029289.378981,Left_Y,-0.050995,120,
1757029289.378981,Right_X,-0.019623,124,
1757029289.378981,Right_Y,0.027435,130,
1757029289.429627,Left_X,-0.003937,126,
1757029289.429627,Left_Y,-0.050995,120,
1757029289.429627,Right_X,-0.019623,124,
1757029289.429627,Right_Y,0.027435,130,
1757029289.4800482,Button,,,Brightness_Increase
1757029289.4800482,Left_X,-0.003937,126,
1757029289.4800482,Left_Y,-0.050995,120,
1757029289.4800482,Right_X,-0.019623,124,
1757029289.4800482,Right_Y,0.027435,130,
1757029289.5298529,Left_X,-0.003937,126,
1757029289.5298529,Left_Y,-0.050995,120,
1757029289.5298529,Right_X,-0.019623,124,
1757029289.5298529,Right_Y,0.027435,130,
1757029289.5799897,Left_X,-0.003937,126,
1757029289.5799897,Left_Y,-0.050995,120,
1757029289.5799897,Right_X,-0.019623,124,
1757029289.5799897,Right_Y,0.027435,130,
1757029289.6308322,Button,,,Brightness_Increase
1757029289.6308322,Left_X,-0.003937,126,
1757029289.6308322,Left_Y,-0.050995,120,
1757029289.6308322,Right_X,-0.019623,124,
1757029289.6308322,Right_Y,0.027435,130,
1757029289.6806095,Left_X,-0.003937,126,
1757029289.6806095,Left_Y,-0.050995,120,
1757029289.6806095,Right_X,-0.019623,124,
1757029289.6806095,Right_Y,0.027435,130,
1757029289.7312229,Left_X,-0.003937,126,
1757029289.7312229,Left_Y,-0.050995,120,
1757029289.7312229,Right_X,-0.019623,124,
1757029289.7312229,Right_Y,0.027435,130,
1757029289.7815483,Left_X,-0.003937,126,
1757029289.7815483,Left_Y,-0.050995,120,
1757029289.7815483,Right_X,-0.019623,124,
1757029289.7815483,Right_Y,0.027435,130,
1757029289.8324397,Button,,,Brightness_Increase
1757029289.8324397,Left_X,-0.003937,126,
1757029289.8324397,Left_Y,-0.050995,120,
1757029289.8324397,Right_X,-0.019623,124,
1757029289.8324397,Right_Y,0.027435,130,
1757029289.883041,Left_X,-0.003937,126,
1757029289.883041,Left_Y,-0.050995,120,
1757029289.883041,Right_X,-0.019623,124,
1757029289.883041,Right_Y,0.027435,130,
1757029289.933681,Left_X,-0.003937,126,
1757029289.933681,Left_Y,-0.050995,120,
1757029289.933681,Right_X,-0.019623,124,
1757029289.933681,Right_Y,0.027435,130,
1757029289.983829,Left_X,-0.003937,126,
1757029289.983829,Left_Y,-0.050995,120,
1757029289.983829,Right_X,-0.019623,124,
1757029289.983829,Right_Y,0.027435,130,
1757029290.034678,Button,,,Brightness_Decrease
1757029290.034678,Left_X,-0.003937,126,
1757029290.034678,Left_Y,-0.050995,120,
1757029290.034678,Right_X,-0.019623,124,
1757029290.034678,Right_Y,0.027435,130,
1757029290.0847096,Left_X,-0.003937,126,
1757029290.0847096,Left_Y,-0.050995,120,
1757029290.0847096,Right_X,-0.019623,124,
1757029290.0847096,Right_Y,0.027435,130,
1757029290.1358302,Left_X,-0.003937,126,
1757029290.1358302,Left_Y,-0.050995,120,
1757029290.1358302,Right_X,-0.019623,124,
1757029290.1358302,Right_Y,0.027435,130,
1757029290.185251,Left_X,-0.003937,126,
1757029290.185251,Left_Y,-0.050995,120,
1757029290.185251,Right_X,-0.019623,124,
1757029290.185251,Right_Y,0.027435,130,
1757029290.23605,Button,,,Brightness_Decrease
1757029290.23605,Left_X,-0.003937,126,
1757029290.23605,Left_Y,-0.050995,120,
1757029290.23605,Right_X,-0.019623,124,
1757029290.23605,Right_Y,0.027435,130,
1757029290.2861733,Left_X,-0.003937,126,
1757029290.2861733,Left_Y,-0.050995,120,
1757029290.2861733,Right_X,-0.019623,124,
1757029290.2861733,Right_Y,0.027435,130,
1757029290.337005,Left_X,-0.003937,126,
1757029290.337005,Left_Y,-0.050995,120,
1757029290.337005,Right_X,-0.019623,124,
1757029290.337005,Right_Y,0.027435,130,
1757029290.3880424,Left_X,-0.003937,126,
1757029290.3880424,Left_Y,-0.050995,120,
1757029290.3880424,Right_X,-0.019623,124,
1757029290.3880424,Right_Y,0.027435,130,
1757029290.4383652,Button,,,Brightness_Decrease
1757029290.4383652,Left_X,-0.003937,126,
1757029290.4383652,Left_Y,-0.050995,120,
1757029290.4383652,Right_X,-0.019623,124,
1757029290.4383652,Right_Y,0.027435,130,
1757029290.4882636,Left_X,-0.003937,126,
1757029290.4882636,Left_Y,-0.050995,120,
1757029290.4882636,Right_X,-0.019623,124,
1757029290.4882636,Right_Y,0.027435,130,
1757029290.5384166,Left_X,-0.011780,125,
1757029290.5384166,Left_Y,-0.050995,120,
1757029290.5384166,Right_X,-0.019623,124,
1757029290.5384166,Right_Y,0.027435,130,
1757029290.5890422,Left_X,-0.003937,126,
1757029290.5890422,Left_Y,-0.050995,120,
1757029290.5890422,Right_X,-0.019623,124,
1757029290.5890422,Right_Y,0.027435,130,
1757029290.6392157,Button,,,Brightness_Decrease
1757029290.6392157,Left_X,-0.003937,126,
1757029290.6392157,Left_Y,-0.050995,120,
1757029290.6392157,Right_X,-0.019623,124,
1757029290.6392157,Right_Y,0.027435,130,
1757029290.6894221,Left_X,-0.003937,126,
1757029290.6894221,Left_Y,-0.050995,120,
1757029290.6894221,Right_X,-0.019623,124,
1757029290.6894221,Right_Y,0.027435,130,
1757029290.7402775,Button,,,Brightness_Increase
1757029290.7402775,Left_X,-0.003937,126,
1757029290.7402775,Left_Y,-0.050995,120,
1757029290.7402775,Right_X,-0.019623,124,
1757029290.7402775,Right_Y,0.027435,130,
1757029290.7909927,Left_X,-0.003937,126,
1757029290.7909927,Left_Y,-0.050995,120,
1757029290.7909927,Right_X,-0.019623,124,
1757029290.7909927,Right_Y,0.027435,130,
1757029290.8415332,Left_X,-0.003937,126,
1757029290.8415332,Left_Y,-0.050995,120,
1757029290.8415332,Right_X,-0.019623,124,
1757029290.8415332,Right_Y,0.027435,130,
1757029290.892502,Left_X,-0.003937,126,
1757029290.892502,Left_Y,-0.050995,120,
1757029290.892502,Right_X,-0.019623,124,
1757029290.892502,Right_Y,0.027435,130,
1757029290.9433882,Button,,,Brightness_Increase
1757029290.9433882,Left_X,-0.011780,125,
1757029290.9433882,Left_Y,-0.050995,120,
1757029290.9433882,Right_X,-0.019623,124,
1757029290.9433882,Right_Y,0.027435,130,
1757029290.9932055,Left_X,-0.003937,126,
1757029290.9932055,Left_Y,-0.050995,120,
1757029290.9932055,Right_X,-0.019623,124,
1757029290.9932055,Right_Y,0.027435,130,
1757029291.0438051,Left_X,-0.003937,126,
1757029291.0438051,Left_Y,-0.050995,120,
1757029291.0438051,Right_X,-0.019623,124,
1757029291.0438051,Right_Y,0.027435,130,
1757029291.0944269,Button,,,Brightness_Increase
1757029291.0944269,Left_X,-0.003937,126,
1757029291.0944269,Left_Y,-0.050995,120,
1757029291.0944269,Right_X,-0.019623,124,
1757029291.0944269,Right_Y,0.027435,130,
1757029291.1449003,Left_X,-0.011780,125,
1757029291.1449003,Left_Y,-0.050995,120,
1757029291.1449003,Right_X,-0.019623,124,
1757029291.1449003,Right_Y,0.027435,130,
1757029291.1954355,Left_X,-0.003937,126,
1757029291.1954355,Left_Y,-0.050995,120,
1757029291.1954355,Right_X,-0.019623,124,
1757029291.1954355,Right_Y,0.027435,130,
1757029291.2459776,Left_X,-0.003937,126,
1757029291.2459776,Left_Y,-0.050995,120,
1757029291.2459776,Right_X,-0.019623,124,
1757029291.2459776,Right_Y,0.027435,130,
1757029291.2965934,Button,,,Brightness_Increase
1757029291.2965934,Left_X,-0.003937,126,
1757029291.2965934,Left_Y,-0.050995,120,
1757029291.2965934,Right_X,-0.019623,124,
1757029291.2965934,Right_Y,0.027435,130,
1757029291.346133,Left_X,-0.003937,126,
1757029291.346133,Left_Y,-0.050995,120,
1757029291.346133,Right_X,-0.019623,124,
1757029291.346133,Right_Y,0.027435,130,
1757029291.396661,Left_X,-0.003937,126,
1757029291.396661,Left_Y,-0.050995,120,
1757029291.396661,Right_X,-0.019623,124,
1757029291.396661,Right_Y,0.027435,130,
1757029291.447193,Left_X,-0.011780,125,
1757029291.447193,Left_Y,-0.050995,120,
1757029291.447193,Right_X,-0.019623,124,
1757029291.447193,Right_Y,0.027435,130,
1757029291.4984148,Button,,,Brightness_Increase
1757029291.4984148,Left_X,-0.003937,126,
1757029291.4984148,Left_Y,-0.050995,120,
1757029291.4984148,Right_X,-0.019623,124,
1757029291.4984148,Right_Y,0.027435,130,
1757029291.5483909,Left_X,-0.003937,126,
1757029291.5483909,Left_Y,-0.050995,120,
1757029291.5483909,Right_X,-0.019623,124,
1757029291.5483909,Right_Y,0.027435,130,
1757029291.5990355,Left_X,-0.003937,126,
1757029291.5990355,Left_Y,-0.050995,120,
1757029291.5990355,Right_X,-0.019623,124,
1757029291.5990355,Right_Y,0.027435,130,
1757029291.6495488,Left_X,-0.003937,126,
1757029291.6495488,Left_Y,-0.050995,120,
1757029291.6495488,Right_X,-0.019623,124,
1757029291.6495488,Right_Y,0.027435,130,
1757029291.7004132,Button,,,Brightness_Increase
1757029291.7004132,Left_X,-0.003937,126,
1757029291.7004132,Left_Y,-0.050995,120,
1757029291.7004132,Right_X,-0.019623,124,
1757029291.7004132,Right_Y,0.027435,130,
1757029291.751058,Left_X,-0.003937,126,
1757029291.751058,Left_Y,-0.050995,120,
1757029291.751058,Right_X,-0.019623,124,
1757029291.751058,Right_Y,0.027435,130,
1757029291.8012257,Left_X,-0.003937,126,
1757029291.8012257,Left_Y,-0.050995,120,
1757029291.8012257,Right_X,-0.011780,125,
1757029291.8012257,Right_Y,0.027435,130,
1757029291.8518589,Left_X,-0.003937,126,
1757029291.8518589,Left_Y,-0.050995,120,
1757029291.8518589,Right_X,-0.011780,125,
1757029291.8518589,Right_Y,0.027435,130,
1757029291.902274,Button,,,Brightness_Increase
1757029291.902274,Left_X,-0.003937,126,
1757029291.902274,Left_Y,-0.050995,120,
1757029291.902274,Right_X,-0.019623,124,
1757029291.902274,Right_Y,0.027435,130,
1757029291.9523098,Left_X,-0.003937,126,
1757029291.9523098,Left_Y,-0.050995,120,
1757029291.9523098,Right_X,-0.019623,124,
1757029291.9523098,Right_Y,0.027435,130,
1757029292.0029762,Left_X,-0.003937,126,
1757029292.0029762,Left_Y,-0.050995,120,
1757029292.0029762,Right_X,-0.019623,124,
1757029292.0029762,Right_Y,0.027435,130,
1757029292.0536134,Left_X,-0.003937,126,
1757029292.0536134,Left_Y,-0.050995,120,
1757029292.0536134,Right_X,-0.019623,124,
1757029292.0536134,Right_Y,0.027435,130,
1757029292.1045702,Left_X,-0.003937,126,
1757029292.1045702,Left_Y,-0.050995,120,
1757029292.1045702,Right_X,-0.019623,124,
1757029292.1045702,Right_Y,0.027435,130,
1757029292.1550107,Button,,,Screenshot
1757029292.1550107,Left_X,-0.003937,126,
1757029292.1550107,Left_Y,-0.050995,120,
1757029292.1550107,Right_X,-0.019623,124,
1757029292.1550107,Right_Y,0.027435,130,
1757029292.2055557,Left_X,-0.003937,126,
1757029292.2055557,Left_Y,-0.050995,120,
1757029292.2055557,Right_X,-0.019623,124,
1757029292.2055557,Right_Y,0.027435,130,
1757029292.2560854,Left_X,-0.003937,126,
1757029292.2560854,Left_Y,-0.050995,120,
1757029292.2560854,Right_X,-0.019623,124,
1757029292.2560854,Right_Y,0.027435,130,
1757029292.306116,Left_X,-0.003937,126,
1757029292.306116,Left_Y,-0.050995,120,
1757029292.306116,Right_X,-0.019623,124,
1757029292.306116,Right_Y,0.027435,130,
1757029292.3566456,Left_X,-0.003937,126,
1757029292.3566456,Left_Y,-0.050995,120,
1757029292.3566456,Right_X,-0.019623,124,
1757029292.3566456,Right_Y,0.027435,130,
1757029292.4069057,Button,,,Screenshot
1757029292.4069057,Left_X,-0.003937,126,
1757029292.4069057,Left_Y,-0.050995,120,
1757029292.4069057,Right_X,-0.019623,124,
1757029292.4069057,Right_Y,0.027435,130,
1757029292.4579196,Left_X,-0.003937,126,
1757029292.4579196,Left_Y,-0.050995,120,
1757029292.4579196,Right_X,-0.019623,124,
1757029292.4579196,Right_Y,0.027435,130,
1757029292.508052,Left_X,-0.003937,126,
1757029292.508052,Left_Y,-0.050995,120,
1757029292.508052,Right_X,-0.019623,124,
1757029292.508052,Right_Y,0.027435,130,
1757029292.5581927,Left_X,-0.003937,126,
1757029292.5581927,Left_Y,-0.050995,120,
1757029292.5581927,Right_X,-0.019623,124,
1757029292.5581927,Right_Y,0.027435,130,
1757029292.608354,Left_X,-0.003937,126,
1757029292.608354,Left_Y,-0.050995,120,
1757029292.608354,Right_X,-0.019623,124,
1757029292.608354,Right_Y,0.027435,130,
1757029292.6590707,Left_X,-0.003937,126,
1757029292.6590707,Left_Y,-0.050995,120,
1757029292.6590707,Right_X,-0.019623,124,
1757029292.6590707,Right_Y,0.027435,130,
1757029292.7097156,Left_X,-0.003937,126,
1757029292.7097156,Left_Y,-0.050995,120,
1757029292.7097156,Right_X,-0.019623,124,
1757029292.7097156,Right_Y,0.027435,130,
1757029292.7602382,Left_X,-0.003937,126,
1757029292.7602382,Left_Y,-0.050995,120,
1757029292.7602382,Right_X,-0.019623,124,
1757029292.7602382,Right_Y,0.027435,130,
1757029292.811143,Left_X,-0.003937,126,
1757029292.811143,Left_Y,-0.050995,120,
1757029292.811143,Right_X,-0.011780,125,
1757029292.811143,Right_Y,0.027435,130,
1757029292.8614118,Left_X,-0.003937,126,
1757029292.8614118,Left_Y,-0.050995,120,
1757029292.8614118,Right_X,-0.019623,124,
1757029292.8614118,Right_Y,0.027435,130,
1757029292.91157,Left_X,-0.003937,126,
1757029292.91157,Left_Y,-0.050995,120,
1757029292.91157,Right_X,-0.019623,124,
1757029292.91157,Right_Y,0.027435,130,
1757029292.9621823,Left_X,-0.003937,126,
1757029292.9621823,Left_Y,-0.050995,120,
1757029292.9621823,Right_X,-0.019623,124,
1757029292.9621823,Right_Y,0.027435,130,
1757029293.0123436,Left_X,-0.003937,126,
1757029293.0123436,Left_Y,-0.050995,120,
1757029293.0123436,Right_X,-0.019623,124,
1757029293.0123436,Right_Y,0.027435,130,
1757029293.0629601,Left_X,-0.003937,126,
1757029293.0629601,Left_Y,-0.050995,120,
1757029293.0629601,Right_X,-0.011780,125,
1757029293.0629601,Right_Y,0.027435,130,
1757029293.1133854,Button,,,Screenshot
1757029293.1133854,Left_X,-0.011780,125,
1757029293.1133854,Left_Y,-0.050995,120,
1757029293.1133854,Right_X,-0.019623,124,
1757029293.1133854,Right_Y,0.027435,130,
1757029293.1632097,Left_X,-0.003937,126,
1757029293.1632097,Left_Y,-0.050995,120,
1757029293.1632097,Right_X,-0.019623,124,
1757029293.1632097,Right_Y,0.027435,130,
1757029293.2132459,Left_X,-0.003937,126,
1757029293.2132459,Left_Y,-0.050995,120,
1757029293.2132459,Right_X,-0.019623,124,
1757029293.2132459,Right_Y,0.027435,130,
1757029293.2638733,Left_X,-0.003937,126,
1757029293.2638733,Left_Y,-0.050995,120,
1757029293.2638733,Right_X,-0.019623,124,
1757029293.2638733,Right_Y,0.027435,130,
1757029293.3140056,Left_X,-0.003937,126,
1757029293.3140056,Left_Y,-0.050995,120,
1757029293.3140056,Right_X,-0.019623,124,
1757029293.3140056,Right_Y,0.027435,130,
1757029293.364609,Left_X,-0.003937,126,
1757029293.364609,Left_Y,-0.050995,120,
1757029293.364609,Right_X,-0.019623,124,
1757029293.364609,Right_Y,0.027435,130,
1757029293.4147716,Left_X,-0.003937,126,
1757029293.4147716,Left_Y,-0.050995,120,
1757029293.4147716,Right_X,-0.019623,124,
1757029293.4147716,Right_Y,0.027435,130,
1757029293.465682,Button,,,Reset_Camera
1757029293.465682,Left_X,-0.003937,126,
1757029293.465682,Left_Y,-0.050995,120,
1757029293.465682,Right_X,-0.019623,124,
1757029293.465682,Right_Y,0.027435,130,
1757029293.5162354,Left_X,-0.003937,126,
1757029293.5162354,Left_Y,-0.050995,120,
1757029293.5162354,Right_X,-0.019623,124,
1757029293.5162354,Right_Y,0.027435,130,
1757029293.5668135,Left_X,-0.003937,126,
1757029293.5668135,Left_Y,-0.050995,120,
1757029293.5668135,Right_X,-0.019623,124,
1757029293.5668135,Right_Y,0.027435,130,
1757029293.6169388,Left_X,-0.003937,126,
1757029293.6169388,Left_Y,-0.050995,120,
1757029293.6169388,Right_X,-0.019623,124,
1757029293.6169388,Right_Y,0.027435,130,
1757029293.6681082,Left_X,-0.003937,126,
1757029293.6681082,Left_Y,-0.050995,120,
1757029293.6681082,Right_X,-0.019623,124,
1757029293.6681082,Right_Y,0.027435,130,
1757029293.7185392,Button,,,Reset_Camera
1757029293.7185392,Left_X,-0.003937,126,
1757029293.7185392,Left_Y,-0.050995,120,
1757029293.7185392,Right_X,-0.019623,124,
1757029293.7185392,Right_Y,0.027435,130,
1757029293.7691383,Left_X,-0.003937,126,
1757029293.7691383,Left_Y,-0.050995,120,
1757029293.7691383,Right_X,-0.019623,124,
1757029293.7691383,Right_Y,0.027435,130,
1757029293.819191,Left_X,-0.003937,126,
1757029293.819191,Left_Y,-0.050995,120,
1757029293.819191,Right_X,-0.019623,124,
1757029293.819191,Right_Y,0.027435,130,
1757029293.8697283,Left_X,-0.003937,126,
1757029293.8697283,Left_Y,-0.050995,120,
1757029293.8697283,Right_X,-0.019623,124,
1757029293.8697283,Right_Y,0.027435,130,
1757029293.9201455,Left_X,-0.003937,126,
1757029293.9201455,Left_Y,-0.050995,120,
1757029293.9201455,Right_X,-0.019623,124,
1757029293.9201455,Right_Y,0.027435,130,
1757029293.9707274,Left_X,-0.003937,126,
1757029293.9707274,Left_Y,-0.050995,120,
1757029293.9707274,Right_X,-0.019623,124,
1757029293.9707274,Right_Y,0.027435,130,
1757029294.0208805,Left_X,-0.003937,126,
1757029294.0208805,Left_Y,-0.050995,120,
1757029294.0208805,Right_X,-0.019623,124,
1757029294.0208805,Right_Y,0.027435,130,
1757029294.07102,Left_X,-0.003937,126,
1757029294.07102,Left_Y,-0.050995,120,
1757029294.07102,Right_X,-0.019623,124,
1757029294.07102,Right_Y,0.027435,130,
1757029294.121231,Left_X,-0.003937,126,
1757029294.121231,Left_Y,-0.050995,120,
1757029294.121231,Right_X,-0.019623,124,
1757029294.121231,Right_Y,0.027435,130,
1757029294.1719742,Left_X,-0.003937,126,
1757029294.1719742,Left_Y,-0.050995,120,
1757029294.1719742,Right_X,-0.019623,124,
1757029294.1719742,Right_Y,0.027435,130,
1757029294.2226312,Left_X,-0.003937,126,
1757029294.2226312,Left_Y,-0.050995,120,
1757029294.2226312,Right_X,-0.019623,124,
1757029294.2226312,Right_Y,0.027435,130,
1757029294.2732916,Left_X,-0.003937,126,
1757029294.2732916,Left_Y,-0.050995,120,
1757029294.2732916,Right_X,-0.019623,124,
1757029294.2732916,Right_Y,0.027435,130,
1757029294.3244994,Button,,,Screenshot
1757029294.3244994,Left_X,-0.003937,126,
1757029294.3244994,Left_Y,-0.050995,120,
1757029294.3244994,Right_X,-0.019623,124,
1757029294.3244994,Right_Y,0.027435,130,
1757029294.3745291,Left_X,-0.011780,125,
1757029294.3745291,Left_Y,-0.050995,120,
1757029294.3745291,Right_X,-0.019623,124,
1757029294.3745291,Right_Y,0.027435,130,
1757029294.4250822,Left_X,-0.003937,126,
1757029294.4250822,Left_Y,-0.050995,120,
1757029294.4250822,Right_X,-0.019623,124,
1757029294.4250822,Right_Y,0.027435,130,
1757029294.4751437,Left_X,-0.003937,126,
1757029294.4751437,Left_Y,-0.050995,120,
1757029294.4751437,Right_X,-0.019623,124,
1757029294.4751437,Right_Y,0.027435,130,
1757029294.5260086,Button,,,Screenshot
1757029294.5260086,Left_X,-0.003937,126,
1757029294.5260086,Left_Y,-0.050995,120,
1757029294.5260086,Right_X,-0.019623,124,
1757029294.5260086,Right_Y,0.027435,130,
1757029294.5764086,Left_X,-0.003937,126,
1757029294.5764086,Left_Y,-0.050995,120,
1757029294.5764086,Right_X,-0.019623,124,
1757029294.5764086,Right_Y,0.027435,130,
1757029294.627041,Left_X,-0.003937,126,
1757029294.627041,Left_Y,-0.050995,120,
1757029294.627041,Right_X,-0.019623,124,
1757029294.627041,Right_Y,0.027435,130,
1757029294.6773074,Left_X,-0.003937,126,
1757029294.6773074,Left_Y,-0.050995,120,
1757029294.6773074,Right_X,-0.019623,124,
1757029294.6773074,Right_Y,0.027435,130,
1757029294.7279327,Left_X,-0.003937,126,
1757029294.7279327,Left_Y,-0.050995,120,
1757029294.7279327,Right_X,-0.019623,124,
1757029294.7279327,Right_Y,0.027435,130,
1757029294.778118,Left_X,-0.003937,126,
1757029294.778118,Left_Y,-0.050995,120,
1757029294.778118,Right_X,-0.019623,124,
1757029294.778118,Right_Y,0.027435,130,
1757029294.8282366,Left_X,-0.003937,126,
1757029294.8282366,Left_Y,-0.050995,120,
1757029294.8282366,Right_X,-0.019623,124,
1757029294.8282366,Right_Y,0.027435,130,
1757029294.8783762,Left_X,-0.003937,126,
1757029294.8783762,Left_Y,-0.050995,120,
1757029294.8783762,Right_X,-0.019623,124,
1757029294.8783762,Right_Y,0.027435,130,
1757029294.9285207,Left_X,-0.003937,126,
1757029294.9285207,Left_Y,-0.050995,120,
1757029294.9285207,Right_X,-0.019623,124,
1757029294.9285207,Right_Y,0.027435,130,
1757029294.978679,Left_X,-0.003937,126,
1757029294.978679,Left_Y,-0.050995,120,
1757029294.978679,Right_X,-0.019623,124,
1757029294.978679,Right_Y,0.027435,130,
1757029295.0293138,Left_X,-0.003937,126,
1757029295.0293138,Left_Y,-0.050995,120,
1757029295.0293138,Right_X,-0.019623,124,
1757029295.0293138,Right_Y,0.027435,130,
1757029295.079469,Left_X,-0.003937,126,
1757029295.079469,Left_Y,-0.050995,120,
1757029295.079469,Right_X,-0.019623,124,
1757029295.079469,Right_Y,0.027435,130,
1757029295.1298091,Button,,,Reset_Camera
1757029295.1298091,Left_X,-0.003937,126,
1757029295.1298091,Left_Y,-0.050995,120,
1757029295.1298091,Right_X,-0.019623,124,
1757029295.1298091,Right_Y,0.027435,130,
1757029295.1800501,Left_X,-0.003937,126,
1757029295.1800501,Left_Y,-0.050995,120,
1757029295.1800501,Right_X,-0.019623,124,
1757029295.1800501,Right_Y,0.027435,130,
1757029295.2306833,Left_X,-0.003937,126,
1757029295.2306833,Left_Y,-0.050995,120,
1757029295.2306833,Right_X,-0.019623,124,
1757029295.2306833,Right_Y,0.027435,130,
1757029295.2814162,Left_X,-0.003937,126,
1757029295.2814162,Left_Y,-0.050995,120,
1757029295.2814162,Right_X,-0.019623,124,
1757029295.2814162,Right_Y,0.027435,130,
1757029295.3320346,Left_X,-0.003937,126,
1757029295.3320346,Left_Y,-0.050995,120,
1757029295.3320346,Right_X,-0.019623,124,
1757029295.3320346,Right_Y,0.027435,130,
1757029295.3823264,Button,,,Reset_Camera
1757029295.3823264,Left_X,-0.003937,126,
1757029295.3823264,Left_Y,-0.050995,120,
1757029295.3823264,Right_X,-0.019623,124,
1757029295.3823264,Right_Y,0.027435,130,
1757029295.4327397,Left_X,-0.003937,126,
1757029295.4327397,Left_Y,-0.050995,120,
1757029295.4327397,Right_X,-0.019623,124,
1757029295.4327397,Right_Y,0.027435,130,
1757029295.4833095,Left_X,-0.003937,126,
1757029295.4833095,Left_Y,-0.050995,120,
1757029295.4833095,Right_X,-0.019623,124,
1757029295.4833095,Right_Y,0.027435,130,
1757029295.5336738,Button,,,Brightness_Decrease
1757029295.5336738,Left_X,-0.003937,126,
1757029295.5336738,Left_Y,-0.050995,120,
1757029295.5336738,Right_X,-0.019623,124,
1757029295.5336738,Right_Y,0.027435,130,
1757029295.5837746,Left_X,-0.003937,126,
1757029295.5837746,Left_Y,-0.050995,120,
1757029295.5837746,Right_X,-0.019623,124,
1757029295.5837746,Right_Y,0.027435,130,
1757029295.6342733,Left_X,-0.003937,126,
1757029295.6342733,Left_Y,-0.050995,120,
1757029295.6342733,Right_X,-0.019623,124,
1757029295.6342733,Right_Y,0.027435,130,
1757029295.6845944,Left_X,-0.003937,126,
1757029295.6845944,Left_Y,-0.050995,120,
1757029295.6845944,Right_X,-0.019623,124,
1757029295.6845944,Right_Y,0.027435,130,
1757029295.7350605,Left_X,-0.003937,126,
1757029295.7350605,Left_Y,-0.050995,120,
1757029295.7350605,Right_X,-0.019623,124,
1757029295.7350605,Right_Y,0.027435,130,
1757029295.7854033,Button,,,Brightness_Decrease
1757029295.7854033,Left_X,-0.003937,126,
1757029295.7854033,Left_Y,-0.050995,120,
1757029295.7854033,Right_X,-0.019623,124,
1757029295.7854033,Right_Y,0.027435,130,
1757029295.8354986,Left_X,-0.011780,125,
1757029295.8354986,Left_Y,-0.050995,120,
1757029295.8354986,Right_X,-0.019623,124,
1757029295.8354986,Right_Y,0.027435,130,
1757029295.885679,Left_X,-0.003937,126,
1757029295.885679,Left_Y,-0.050995,120,
1757029295.885679,Right_X,-0.019623,124,
1757029295.885679,Right_Y,0.027435,130,
1757029295.9362986,Left_X,-0.003937,126,
1757029295.9362986,Left_Y,-0.050995,120,
1757029295.9362986,Right_X,-0.019623,124,
1757029295.9362986,Right_Y,0.027435,130,
1757029295.986457,Left_X,-0.003937,126,
1757029295.986457,Left_Y,-0.050995,120,
1757029295.986457,Right_X,-0.019623,124,
1757029295.986457,Right_Y,0.027435,130,
1757029296.0373273,Button,,,Brightness_Decrease
1757029296.0373273,Left_X,-0.003937,126,
1757029296.0373273,Left_Y,-0.050995,120,
1757029296.0373273,Right_X,-0.019623,124,
1757029296.0373273,Right_Y,0.027435,130,
1757029296.0883772,Button,,,Brightness_Increase
1757029296.0883772,Left_X,-0.003937,126,
1757029296.0883772,Left_Y,-0.050995,120,
1757029296.0883772,Right_X,-0.019623,124,
1757029296.0883772,Right_Y,0.027435,130,
1757029296.1389148,Left_X,-0.003937,126,
1757029296.1389148,Left_Y,-0.050995,120,
1757029296.1389148,Right_X,-0.019623,124,
1757029296.1389148,Right_Y,0.027435,130,
1757029296.1889486,Left_X,-0.003937,126,
1757029296.1889486,Left_Y,-0.050995,120,
1757029296.1889486,Right_X,-0.019623,124,
1757029296.1889486,Right_Y,0.027435,130,
1757029296.2396088,Button,,,Brightness_Decrease
1757029296.2396088,Left_X,-0.003937,126,
1757029296.2396088,Left_Y,-0.050995,120,
1757029296.2396088,Right_X,-0.019623,124,
1757029296.2396088,Right_Y,0.027435,130,
1757029296.2896147,Button,,,Brightness_Increase
1757029296.2896147,Left_X,-0.011780,125,
1757029296.2896147,Left_Y,-0.050995,120,
1757029296.2896147,Right_X,-0.019623,124,
1757029296.2896147,Right_Y,0.027435,130,
1757029296.3398805,Left_X,-0.003937,126,
1757029296.3398805,Left_Y,-0.050995,120,
1757029296.3398805,Right_X,-0.019623,124,
1757029296.3398805,Right_Y,0.027435,130,
1757029296.3908632,Left_X,-0.003937,126,
1757029296.3908632,Left_Y,-0.050995,120,
1757029296.3908632,Right_X,-0.019623,124,
1757029296.3908632,Right_Y,0.027435,130,
1757029296.4415085,Button,,,Brightness_Decrease
1757029296.4415085,Left_X,-0.003937,126,
1757029296.4415085,Left_Y,-0.050995,120,
1757029296.4415085,Right_X,-0.019623,124,
1757029296.4415085,Right_Y,0.027435,130,
1757029296.491541,Button,,,Brightness_Increase
1757029296.491541,Left_X,-0.003937,126,
1757029296.491541,Left_Y,-0.050995,120,
1757029296.491541,Right_X,-0.019623,124,
1757029296.491541,Right_Y,0.027435,130,
1757029296.5423386,Left_X,-0.003937,126,
1757029296.5423386,Left_Y,-0.050995,120,
1757029296.5423386,Right_X,-0.019623,124,
1757029296.5423386,Right_Y,0.027435,130,
1757029296.5926385,Left_X,-0.003937,126,
1757029296.5926385,Left_Y,-0.050995,120,
1757029296.5926385,Right_X,-0.019623,124,
1757029296.5926385,Right_Y,0.027435,130,
1757029296.6432807,Left_X,-0.003937,126,
1757029296.6432807,Left_Y,-0.050995,120,
1757029296.6432807,Right_X,-0.019623,124,
1757029296.6432807,Right_Y,0.027435,130,
1757029296.6936545,Button,,,Brightness_Decrease
1757029296.6936545,Left_X,-0.003937,126,
1757029296.6936545,Left_Y,-0.050995,120,
1757029296.6936545,Right_X,-0.019623,124,
1757029296.6936545,Right_Y,0.027435,130,
1757029296.7435386,Left_X,-0.011780,125,
1757029296.7435386,Left_Y,-0.050995,120,
1757029296.7435386,Right_X,-0.019623,124,
1757029296.7435386,Right_Y,0.027435,130,
1757029296.7937074,Button,,,Brightness_Increase
1757029296.7937074,Left_X,-0.003937,126,
1757029296.7937074,Left_Y,-0.050995,120,
1757029296.7937074,Right_X,-0.019623,124,
1757029296.7937074,Right_Y,0.027435,130,
1757029296.8443038,Left_X,-0.003937,126,
1757029296.8443038,Left_Y,-0.050995,120,
1757029296.8443038,Right_X,-0.019623,124,
1757029296.8443038,Right_Y,0.027435,130,
1757029296.894859,Button,,,Brightness_Decrease
1757029296.894859,Left_X,-0.003937,126,
1757029296.894859,Left_Y,-0.050995,120,
1757029296.894859,Right_X,-0.019623,124,
1757029296.894859,Right_Y,0.027435,130,
1757029296.9448829,Left_X,-0.003937,126,
1757029296.9448829,Left_Y,-0.050995,120,
1757029296.9448829,Right_X,-0.011780,125,
1757029296.9448829,Right_Y,0.027435,130,
1757029296.9950294,Button,,,Brightness_Increase
1757029296.9950294,Left_X,-0.003937,126,
1757029296.9950294,Left_Y,-0.050995,120,
1757029296.9950294,Right_X,-0.019623,124,
1757029296.9950294,Right_Y,0.027435,130,
1757029297.045657,Left_X,-0.011780,125,
1757029297.045657,Left_Y,-0.050995,120,
1757029297.045657,Right_X,-0.019623,124,
1757029297.045657,Right_Y,0.027435,130,
1757029297.0961206,Button,,,Brightness_Decrease
1757029297.0961206,Left_X,-0.003937,126,
1757029297.0961206,Left_Y,-0.050995,120,
1757029297.0961206,Right_X,-0.019623,124,
1757029297.0961206,Right_Y,0.027435,130,
1757029297.1466541,Left_X,-0.003937,126,
1757029297.1466541,Left_Y,-0.050995,120,
1757029297.1466541,Right_X,-0.019623,124,
1757029297.1466541,Right_Y,0.027435,130,
1757029297.196693,Button,,,Brightness_Increase
1757029297.196693,Left_X,-0.003937,126,
1757029297.196693,Left_Y,-0.050995,120,
1757029297.196693,Right_X,-0.019623,124,
1757029297.196693,Right_Y,0.027435,130,
1757029297.2472243,Left_X,-0.003937,126,
1757029297.2472243,Left_Y,-0.050995,120,
1757029297.2472243,Right_X,-0.019623,124,
1757029297.2472243,Right_Y,0.027435,130,
1757029297.2976687,Button,,,Brightness_Decrease
1757029297.2976687,Left_X,-0.003937,126,
1757029297.2976687,Left_Y,-0.050995,120,
1757029297.2976687,Right_X,-0.019623,124,
1757029297.2976687,Right_Y,0.027435,130,
1757029297.3481998,Left_X,-0.003937,126,
1757029297.3481998,Left_Y,-0.050995,120,
1757029297.3481998,Right_X,-0.019623,124,
1757029297.3481998,Right_Y,0.027435,130,
1757029297.3985333,Button,,,Brightness_Increase
1757029297.3985333,Left_X,-0.003937,126,
1757029297.3985333,Left_Y,-0.050995,120,
1757029297.3985333,Right_X,-0.019623,124,
1757029297.3985333,Right_Y,0.027435,130,
1757029297.449069,Left_X,-0.003937,126,
1757029297.449069,Left_Y,-0.050995,120,
1757029297.449069,Right_X,-0.019623,124,
1757029297.449069,Right_Y,0.027435,130,
1757029297.4990988,Left_X,-0.003937,126,
1757029297.4990988,Left_Y,-0.050995,120,
1757029297.4990988,Right_X,-0.019623,124,
1757029297.4990988,Right_Y,0.027435,130,
1757029297.5500076,Button,,,Brightness_Increase
1757029297.5500076,Left_X,-0.003937,126,
1757029297.5500076,Left_Y,-0.050995,120,
1757029297.5500076,Right_X,-0.019623,124,
1757029297.5500076,Right_Y,0.027435,130,
1757029297.6006258,Left_X,-0.003937,126,
1757029297.6006258,Left_Y,-0.050995,120,
1757029297.6006258,Right_X,-0.019623,124,
1757029297.6006258,Right_Y,0.027435,130,
1757029297.6512446,Left_X,-0.003937,126,
1757029297.6512446,Left_Y,-0.050995,120,
1757029297.6512446,Right_X,-0.019623,124,
1757029297.6512446,Right_Y,0.027435,130,
1757029297.7014086,Left_X,-0.003937,126,
1757029297.7014086,Left_Y,-0.050995,120,
1757029297.7014086,Right_X,-0.019623,124,
1757029297.7014086,Right_Y,0.027435,130,
1757029297.752314,Button,,,Brightness_Increase
1757029297.752314,Left_X,-0.003937,126,
1757029297.752314,Left_Y,-0.050995,120,
1757029297.752314,Right_X,-0.019623,124,
1757029297.752314,Right_Y,0.027435,130,
1757029297.8025928,Left_X,-0.003937,126,
1757029297.8025928,Left_Y,-0.050995,120,
1757029297.8025928,Right_X,-0.019623,124,
1757029297.8025928,Right_Y,0.027435,130,
1757029297.853198,Left_X,-0.003937,126,
1757029297.853198,Left_Y,-0.050995,120,
1757029297.853198,Right_X,-0.019623,124,
1757029297.853198,Right_Y,0.027435,130,
1757029297.9032242,Button,,,Brightness_Increase
1757029297.9032242,Left_X,-0.003937,126,
1757029297.9032242,Left_Y,-0.050995,120,
1757029297.9032242,Right_X,-0.011780,125,
1757029297.9032242,Right_Y,0.027435,130,
1757029297.9537482,Left_X,-0.003937,126,
1757029297.9537482,Left_Y,-0.050995,120,
1757029297.9537482,Right_X,-0.019623,124,
1757029297.9537482,Right_Y,0.027435,130,
1757029298.003779,Left_X,-0.003937,126,
1757029298.003779,Left_Y,-0.050995,120,
1757029298.003779,Right_X,-0.019623,124,
1757029298.003779,Right_Y,0.027435,130,
1757029298.054305,Left_X,-0.003937,126,
1757029298.054305,Left_Y,-0.050995,120,
1757029298.054305,Right_X,-0.019623,124,
1757029298.054305,Right_Y,0.027435,130,
1757029298.1043324,Left_X,-0.003937,126,
1757029298.1043324,Left_Y,-0.050995,120,
1757029298.1043324,Right_X,-0.019623,124,
1757029298.1043324,Right_Y,0.027435,130,
1757029298.1548579,Button,,,Brightness_Increase
1757029298.1548579,Left_X,-0.003937,126,
1757029298.1548579,Left_Y,-0.050995,120,
1757029298.1548579,Right_X,-0.019623,124,
1757029298.1548579,Right_Y,0.027435,130,
1757029298.204896,Left_X,-0.011780,125,
1757029298.204896,Left_Y,-0.050995,120,
1757029298.204896,Right_X,-0.019623,124,
1757029298.204896,Right_Y,0.027435,130,
1757029298.2554402,Left_X,-0.003937,126,
1757029298.2554402,Left_Y,-0.050995,120,
1757029298.2554402,Right_X,-0.019623,124,
1757029298.2554402,Right_Y,0.027435,130,
1757029298.3054886,Left_X,-0.003937,126,
1757029298.3054886,Left_Y,-0.050995,120,
1757029298.3054886,Right_X,-0.019623,124,
1757029298.3054886,Right_Y,0.027435,130,
1757029298.3560295,Button,,,Brightness_Increase
1757029298.3560295,Left_X,-0.003937,126,
1757029298.3560295,Left_Y,-0.050995,120,
1757029298.3560295,Right_X,-0.019623,124,
1757029298.3560295,Right_Y,0.027435,130,
1757029298.4061518,Left_X,-0.003937,126,
1757029298.4061518,Left_Y,-0.050995,120,
1757029298.4061518,Right_X,-0.019623,124,
1757029298.4061518,Right_Y,0.027435,130,
1757029298.4566884,Left_X,-0.003937,126,
1757029298.4566884,Left_Y,-0.050995,120,
1757029298.4566884,Right_X,-0.011780,125,
1757029298.4566884,Right_Y,0.027435,130,
1757029298.5072465,Left_X,-0.003937,126,
1757029298.5072465,Left_Y,-0.050995,120,
1757029298.5072465,Right_X,-0.011780,125,
1757029298.5072465,Right_Y,0.027435,130,
1757029298.557744,Button,,,Brightness_Decrease
1757029298.557744,Left_X,-0.003937,126,
1757029298.557744,Left_Y,-0.050995,120,
1757029298.557744,Right_X,-0.011780,125,
1757029298.557744,Right_Y,0.027435,130,
1757029298.608195,Left_X,-0.003937,126,
1757029298.608195,Left_Y,-0.050995,120,
1757029298.608195,Right_X,-0.019623,124,
1757029298.608195,Right_Y,0.027435,130,
1757029298.6584058,Left_X,-0.003937,126,
1757029298.6584058,Left_Y,-0.050995,120,
1757029298.6584058,Right_X,-0.019623,124,
1757029298.6584058,Right_Y,0.027435,130,
1757029298.709023,Left_X,-0.003937,126,
1757029298.709023,Left_Y,-0.050995,120,
1757029298.709023,Right_X,-0.019623,124,
1757029298.709023,Right_Y,0.027435,130,
1757029298.7592854,Left_X,-0.003937,126,
1757029298.7592854,Left_Y,-0.050995,120,
1757029298.7592854,Right_X,-0.019623,124,
1757029298.7592854,Right_Y,0.027435,130,
1757029298.8101776,Button,,,Brightness_Decrease
1757029298.8101776,Left_X,-0.003937,126,
1757029298.8101776,Left_Y,-0.050995,120,
1757029298.8101776,Right_X,-0.019623,124,
1757029298.8101776,Right_Y,0.027435,130,
1757029298.860095,Left_X,-0.003937,126,
1757029298.860095,Left_Y,-0.050995,120,
1757029298.860095,Right_X,-0.019623,124,
1757029298.860095,Right_Y,0.027435,130,
1757029298.910726,Left_X,-0.003937,126,
1757029298.910726,Left_Y,-0.050995,120,
1757029298.910726,Right_X,-0.019623,124,
1757029298.910726,Right_Y,0.027435,130,
1757029298.9609973,Left_X,-0.003937,126,
1757029298.9609973,Left_Y,-0.050995,120,
1757029298.9609973,Right_X,-0.019623,124,
1757029298.9609973,Right_Y,0.027435,130,
1757029299.0118985,Button,,,Brightness_Decrease
1757029299.0118985,Left_X,-0.003937,126,
1757029299.0118985,Left_Y,-0.050995,120,
1757029299.0118985,Right_X,-0.019623,124,
1757029299.0118985,Right_Y,0.027435,130,
1757029299.0624323,Left_X,-0.003937,126,
1757029299.0624323,Left_Y,-0.050995,120,
1757029299.0624323,Right_X,-0.019623,124,
1757029299.0624323,Right_Y,0.027435,130,
1757029299.11296,Left_X,-0.003937,126,
1757029299.11296,Left_Y,-0.050995,120,
1757029299.11296,Right_X,-0.019623,124,
1757029299.11296,Right_Y,0.027435,130,
1757029299.1634843,Left_X,-0.003937,126,
1757029299.1634843,Left_Y,-0.050995,120,
1757029299.1634843,Right_X,-0.019623,124,
1757029299.1634843,Right_Y,0.027435,130,
1757029299.214238,Button,,,Brightness_Decrease
1757029299.214238,Left_X,-0.003937,126,
1757029299.214238,Left_Y,-0.050995,120,
1757029299.214238,Right_X,-0.019623,124,
1757029299.214238,Right_Y,0.027435,130,
1757029299.264139,Left_X,-0.003937,126,
1757029299.264139,Left_Y,-0.050995,120,
1757029299.264139,Right_X,-0.019623,124,
1757029299.264139,Right_Y,0.027435,130,
1757029299.3146966,Left_X,-0.003937,126,
1757029299.3146966,Left_Y,-0.050995,120,
1757029299.3146966,Right_X,-0.019623,124,
1757029299.3146966,Right_Y,0.027435,130,
1757029299.3652291,Left_X,-0.003937,126,
1757029299.3652291,Left_Y,-0.050995,120,
1757029299.3652291,Right_X,-0.019623,124,
1757029299.3652291,Right_Y,0.027435,130,
1757029299.4159849,Button,,,Brightness_Decrease
1757029299.4159849,Left_X,-0.011780,125,
1757029299.4159849,Left_Y,-0.050995,120,
1757029299.4159849,Right_X,-0.019623,124,
1757029299.4159849,Right_Y,0.027435,130,
1757029299.465943,Left_X,-0.003937,126,
1757029299.465943,Left_Y,-0.050995,120,
1757029299.465943,Right_X,-0.019623,124,
1757029299.465943,Right_Y,0.027435,130,
1757029299.5160797,Left_X,-0.003937,126,
1757029299.5160797,Left_Y,-0.050995,120,
1757029299.5160797,Right_X,-0.019623,124,
1757029299.5160797,Right_Y,0.027435,130,
1757029299.566707,Left_X,-0.003937,126,
1757029299.566707,Left_Y,-0.050995,120,
1757029299.566707,Right_X,-0.019623,124,
1757029299.566707,Right_Y,0.027435,130,
1757029299.6178472,Button,,,Brightness_Decrease
1757029299.6178472,Left_X,-0.003937,126,
1757029299.6178472,Left_Y,-0.050995,120,
1757029299.6178472,Right_X,-0.019623,124,
1757029299.6178472,Right_Y,0.027435,130,
1757029299.6679645,Left_X,-0.003937,126,
1757029299.6679645,Left_Y,-0.050995,120,
1757029299.6679645,Right_X,-0.019623,124,
1757029299.6679645,Right_Y,0.027435,130,
1757029299.7179995,Left_X,-0.003937,126,
1757029299.7179995,Left_Y,-0.050995,120,
1757029299.7179995,Right_X,-0.019623,124,
1757029299.7179995,Right_Y,0.027435,130,
1757029299.7681222,Left_X,-0.003937,126,
1757029299.7681222,Left_Y,-0.050995,120,
1757029299.7681222,Right_X,-0.019623,124,
1757029299.7681222,Right_Y,0.027435,130,
1757029299.818267,Button,,,Brightness_Decrease
1757029299.818267,Left_X,-0.003937,126,
1757029299.818267,Left_Y,-0.050995,120,
1757029299.818267,Right_X,-0.019623,124,
1757029299.818267,Right_Y,0.027435,130,
1757029299.8686662,Left_X,-0.003937,126,
1757029299.8686662,Left_Y,-0.050995,120,
1757029299.8686662,Right_X,-0.019623,124,
1757029299.8686662,Right_Y,0.027435,130,
1757029299.9188058,Left_X,-0.003937,126,
1757029299.9188058,Left_Y,-0.050995,120,
1757029299.9188058,Right_X,-0.019623,124,
1757029299.9188058,Right_Y,0.027435,130,
1757029299.969197,Left_X,-0.003937,126,
1757029299.969197,Left_Y,-0.050995,120,
1757029299.969197,Right_X,-0.019623,124,
1757029299.969197,Right_Y,0.027435,130,
1757029300.019326,Left_X,-0.003937,126,
1757029300.019326,Left_Y,-0.050995,120,
1757029300.019326,Right_X,-0.019623,124,
1757029300.019326,Right_Y,0.027435,130,
1757029300.0698564,Button,,,Brightness_Decrease
1757029300.0698564,Left_X,-0.003937,126,
1757029300.0698564,Left_Y,-0.050995,120,
1757029300.0698564,Right_X,-0.019623,124,
1757029300.0698564,Right_Y,0.027435,130,
1757029300.1204813,Left_X,-0.003937,126,
1757029300.1204813,Left_Y,-0.050995,120,
1757029300.1204813,Right_X,-0.019623,124,
1757029300.1204813,Right_Y,0.027435,130,
1757029300.1706657,Left_X,-0.003937,126,
1757029300.1706657,Left_Y,-0.050995,120,
1757029300.1706657,Right_X,-0.019623,124,
1757029300.1706657,Right_Y,0.027435,130,
1757029300.2214746,Left_X,-0.003937,126,
1757029300.2214746,Left_Y,-0.050995,120,
1757029300.2214746,Right_X,-0.019623,124,
1757029300.2214746,Right_Y,0.027435,130,
1757029300.2720926,Button,,,Brightness_Decrease
1757029300.2720926,Left_X,-0.011780,125,
1757029300.2720926,Left_Y,-0.050995,120,
1757029300.2720926,Right_X,-0.019623,124,
1757029300.2720926,Right_Y,0.027435,130,
1757029300.3222442,Left_X,-0.003937,126,
1757029300.3222442,Left_Y,-0.050995,120,
1757029300.3222442,Right_X,-0.019623,124,
1757029300.3222442,Right_Y,0.027435,130,
1757029300.3728597,Left_X,-0.011780,125,
1757029300.3728597,Left_Y,-0.050995,120,
1757029300.3728597,Right_X,-0.019623,124,
1757029300.3728597,Right_Y,0.027435,130,
1757029300.4235,Left_X,-0.003937,126,
1757029300.4235,Left_Y,-0.050995,120,
1757029300.4235,Right_X,-0.019623,124,
1757029300.4235,Right_Y,0.027435,130,
1757029300.4741201,Button,,,Brightness_Increase
1757029300.4741201,Left_X,-0.003937,126,
1757029300.4741201,Left_Y,-0.050995,120,
1757029300.4741201,Right_X,-0.019623,124,
1757029300.4741201,Right_Y,0.027435,130,
1757029300.5250022,Left_X,-0.003937,126,
1757029300.5250022,Left_Y,-0.050995,120,
1757029300.5250022,Right_X,-0.019623,124,
1757029300.5250022,Right_Y,0.027435,130,
1757029300.5756228,Left_X,-0.003937,126,
1757029300.5756228,Left_Y,-0.050995,120,
1757029300.5756228,Right_X,-0.019623,124,
1757029300.5756228,Right_Y,0.027435,130,
1757029300.6264513,Left_X,-0.003937,126,
1757029300.6264513,Left_Y,-0.050995,120,
1757029300.6264513,Right_X,-0.019623,124,
1757029300.6264513,Right_Y,0.027435,130,
1757029300.6767633,Button,,,Brightness_Decrease
1757029300.6767633,Left_X,-0.003937,126,
1757029300.6767633,Left_Y,-0.050995,120,
1757029300.6767633,Right_X,-0.019623,124,
1757029300.6767633,Right_Y,0.027435,130,
1757029300.727082,Left_X,-0.003937,126,
1757029300.727082,Left_Y,-0.050995,120,
1757029300.727082,Right_X,-0.019623,124,
1757029300.727082,Right_Y,0.027435,130,
1757029300.7772973,Button,,,Brightness_Increase
1757029300.7772973,Left_X,-0.003937,126,
1757029300.7772973,Left_Y,-0.050995,120,
1757029300.7772973,Right_X,-0.019623,124,
1757029300.7772973,Right_Y,0.027435,130,
1757029300.8282247,Left_X,-0.003937,126,
1757029300.8282247,Left_Y,-0.050995,120,
1757029300.8282247,Right_X,-0.019623,124,
1757029300.8282247,Right_Y,0.027435,130,
1757029300.8791645,Left_X,-0.003937,126,
1757029300.8791645,Left_Y,-0.050995,120,
1757029300.8791645,Right_X,-0.019623,124,
1757029300.8791645,Right_Y,0.027435,130,
1757029300.9299018,Button,,,Brightness_Decrease
1757029300.9299018,Left_X,-0.003937,126,
1757029300.9299018,Left_Y,-0.050995,120,
1757029300.9299018,Right_X,-0.019623,124,
1757029300.9299018,Right_Y,0.027435,130,
1757029300.9809833,Left_X,-0.003937,126,
1757029300.9809833,Left_Y,-0.050995,120,
1757029300.9809833,Right_X,-0.019623,124,
1757029300.9809833,Right_Y,0.027435,130,
1757029301.0315242,Left_X,-0.003937,126,
1757029301.0315242,Left_Y,-0.050995,120,
1757029301.0315242,Right_X,-0.019623,124,
1757029301.0315242,Right_Y,0.027435,130,
1757029301.0815682,Left_X,-0.003937,126,
1757029301.0815682,Left_Y,-0.050995,120,
1757029301.0815682,Right_X,-0.019623,124,
1757029301.0815682,Right_Y,0.027435,130,
1757029301.1321094,Button,,,Brightness_Decrease
1757029301.1321094,Left_X,-0.003937,126,
1757029301.1321094,Left_Y,-0.050995,120,
1757029301.1321094,Right_X,-0.019623,124,
1757029301.1321094,Right_Y,0.027435,130,
1757029301.1821544,Left_X,-0.003937,126,
1757029301.1821544,Left_Y,-0.050995,120,
1757029301.1821544,Right_X,-0.019623,124,
1757029301.1821544,Right_Y,0.027435,130,
1757029301.2326906,Left_X,-0.003937,126,
1757029301.2326906,Left_Y,-0.050995,120,
1757029301.2326906,Right_X,-0.019623,124,
1757029301.2326906,Right_Y,0.027435,130,
1757029301.282885,Left_X,-0.003937,126,
1757029301.282885,Left_Y,-0.050995,120,
1757029301.282885,Right_X,-0.019623,124,
1757029301.282885,Right_Y,0.027435,130,
1757029301.3334227,Left_X,-0.003937,126,
1757029301.3334227,Left_Y,-0.050995,120,
1757029301.3334227,Right_X,-0.019623,124,
1757029301.3334227,Right_Y,0.027435,130,
1757029301.3834696,Button,,,Brightness_Decrease
1757029301.3834696,Left_X,-0.003937,126,
1757029301.3834696,Left_Y,-0.050995,120,
1757029301.3834696,Right_X,-0.019623,124,
1757029301.3834696,Right_Y,0.027435,130,
1757029301.434007,Left_X,-0.003937,126,
1757029301.434007,Left_Y,-0.050995,120,
1757029301.434007,Right_X,-0.019623,124,
1757029301.434007,Right_Y,0.027435,130,
1757029301.4842622,Button,,,Brightness_Increase
1757029301.4842622,Left_X,-0.003937,126,
1757029301.4842622,Left_Y,-0.050995,120,
1757029301.4842622,Right_X,-0.019623,124,
1757029301.4842622,Right_Y,0.027435,130,
1757029301.5349476,Left_X,-0.011780,125,
1757029301.5349476,Left_Y,-0.050995,120,
1757029301.5349476,Right_X,-0.019623,124,
1757029301.5349476,Right_Y,0.027435,130,
1757029301.5851097,Left_X,-0.003937,126,
1757029301.5851097,Left_Y,-0.050995,120,
1757029301.5851097,Right_X,-0.019623,124,
1757029301.5851097,Right_Y,0.027435,130,
1757029301.6357183,Button,,,Brightness_Decrease
1757029301.6357183,Left_X,-0.003937,126,
1757029301.6357183,Left_Y,-0.050995,120,
1757029301.6357183,Right_X,-0.019623,124,
1757029301.6357183,Right_Y,0.027435,130,
1757029301.6857808,Left_X,-0.011780,125,
1757029301.6857808,Left_Y,-0.050995,120,
1757029301.6857808,Right_X,-0.019623,124,
1757029301.6857808,Right_Y,0.027435,130,
1757029301.7364094,Left_X,-0.003937,126,
1757029301.7364094,Left_Y,-0.050995,120,
1757029301.7364094,Right_X,-0.019623,124,
1757029301.7364094,Right_Y,0.027435,130,
1757029301.7865572,Left_X,-0.003937,126,
1757029301.7865572,Left_Y,-0.050995,120,
1757029301.7865572,Right_X,-0.019623,124,
1757029301.7865572,Right_Y,0.027435,130,
1757029301.8371744,Button,,,Brightness_Decrease
1757029301.8371744,Left_X,-0.011780,125,
1757029301.8371744,Left_Y,-0.050995,120,
1757029301.8371744,Right_X,-0.019623,124,
1757029301.8371744,Right_Y,0.027435,130,
1757029301.887312,Left_X,-0.003937,126,
1757029301.887312,Left_Y,-0.050995,120,
1757029301.887312,Right_X,-0.019623,124,
1757029301.887312,Right_Y,0.027435,130,
1757029301.9382296,Left_X,-0.011780,125,
1757029301.9382296,Left_Y,-0.050995,120,
1757029301.9382296,Right_X,-0.019623,124,
1757029301.9382296,Right_Y,0.027435,130,
1757029301.988242,Button,,,Brightness_Increase
1757029301.988242,Left_X,-0.003937,126,
1757029301.988242,Left_Y,-0.050995,120,
1757029301.988242,Right_X,-0.019623,124,
1757029301.988242,Right_Y,0.027435,130,
1757029302.0390363,Left_X,-0.011780,125,
1757029302.0390363,Left_Y,-0.050995,120,
1757029302.0390363,Right_X,-0.019623,124,
1757029302.0390363,Right_Y,0.027435,130,
1757029302.0891707,Left_X,-0.003937,126,
1757029302.0891707,Left_Y,-0.050995,120,
1757029302.0891707,Right_X,-0.019623,124,
1757029302.0891707,Right_Y,0.027435,130,
1757029302.140024,Button,,,Brightness_Increase
1757029302.140024,Left_X,-0.003937,126,
1757029302.140024,Left_Y,-0.050995,120,
1757029302.140024,Right_X,-0.019623,124,
1757029302.140024,Right_Y,0.027435,130,
1757029302.1903768,Left_X,-0.011780,125,
1757029302.1903768,Left_Y,-0.050995,120,
1757029302.1903768,Right_X,-0.019623,124,
1757029302.1903768,Right_Y,0.027435,130,
1757029302.241013,Left_X,-0.003937,126,
1757029302.241013,Left_Y,-0.050995,120,
1757029302.241013,Right_X,-0.019623,124,
1757029302.241013,Right_Y,0.027435,130,
1757029302.291184,Left_X,-0.011780,125,
1757029302.291184,Left_Y,-0.050995,120,
1757029302.291184,Right_X,-0.019623,124,
1757029302.291184,Right_Y,0.027435,130,
1757029302.341614,Button,,,Brightness_Increase
1757029302.341614,Left_X,-0.003937,126,
1757029302.341614,Left_Y,-0.050995,120,
1757029302.341614,Right_X,-0.019623,124,
1757029302.341614,Right_Y,0.027435,130,
1757029302.3917415,Left_X,-0.011780,125,
1757029302.3917415,Left_Y,-0.050995,120,
1757029302.3917415,Right_X,-0.019623,124,
1757029302.3917415,Right_Y,0.027435,130,
1757029302.442346,Left_X,-0.011780,125,
1757029302.442346,Left_Y,-0.050995,120,
1757029302.442346,Right_X,-0.019623,124,
1757029302.442346,Right_Y,0.027435,130,
1757029302.4926443,Button,,,Brightness_Increase
1757029302.4926443,Left_X,-0.011780,125,
1757029302.4926443,Left_Y,-0.050995,120,
1757029302.4926443,Right_X,-0.019623,124,
1757029302.4926443,Right_Y,0.027435,130,
1757029302.5425255,Left_X,-0.011780,125,
1757029302.5425255,Left_Y,-0.050995,120,
1757029302.5425255,Right_X,-0.019623,124,
1757029302.5425255,Right_Y,0.027435,130,
1757029302.5926807,Left_X,-0.011780,125,
1757029302.5926807,Left_Y,-0.050995,120,
1757029302.5926807,Right_X,-0.019623,124,
1757029302.5926807,Right_Y,0.027435,130,
1757029302.642753,Left_X,-0.011780,125,
1757029302.642753,Left_Y,-0.050995,120,
1757029302.642753,Right_X,-0.019623,124,
1757029302.642753,Right_Y,0.027435,130,
1757029302.6939905,Button,,,Brightness_Increase
1757029302.6939905,Left_X,-0.011780,125,
1757029302.6939905,Left_Y,-0.050995,120,
1757029302.6939905,Right_X,-0.019623,124,
1757029302.6939905,Right_Y,0.027435,130,
1757029302.7443671,Left_X,-0.011780,125,
1757029302.7443671,Left_Y,-0.050995,120,
1757029302.7443671,Right_X,-0.019623,124,
1757029302.7443671,Right_Y,0.027435,130,
1757029302.7945175,Left_X,-0.011780,125,
1757029302.7945175,Left_Y,-0.050995,120,
1757029302.7945175,Right_X,-0.019623,124,
1757029302.7945175,Right_Y,0.027435,130,
1757029302.845171,Button,,,Brightness_Increase
1757029302.845171,Left_X,-0.003937,126,
1757029302.845171,Left_Y,-0.050995,120,
1757029302.845171,Right_X,-0.019623,124,
1757029302.845171,Right_Y,0.027435,130,
1757029302.895317,Left_X,-0.011780,125,
1757029302.895317,Left_Y,-0.050995,120,
1757029302.895317,Right_X,-0.019623,124,
1757029302.895317,Right_Y,0.027435,130,
1757029302.945947,Left_X,-0.003937,126,
1757029302.945947,Left_Y,-0.050995,120,
1757029302.945947,Right_X,-0.019623,124,
1757029302.945947,Right_Y,0.027435,130,
1757029302.9963574,Left_X,-0.003937,126,
1757029302.9963574,Left_Y,-0.050995,120,
1757029302.9963574,Right_X,-0.019623,124,
1757029302.9963574,Right_Y,0.027435,130,
1757029303.0472045,Button,,,Brightness_Increase
1757029303.0472045,Left_X,-0.003937,126,
1757029303.0472045,Left_Y,-0.050995,120,
1757029303.0472045,Right_X,-0.019623,124,
1757029303.0472045,Right_Y,0.027435,130,
1757029303.0979378,Left_X,-0.003937,126,
1757029303.0979378,Left_Y,-0.050995,120,
1757029303.0979378,Right_X,-0.019623,124,
1757029303.0979378,Right_Y,0.027435,130,
1757029303.1480465,Left_X,-0.003937,126,
1757029303.1480465,Left_Y,-0.050995,120,
1757029303.1480465,Right_X,-0.019623,124,
1757029303.1480465,Right_Y,0.027435,130,
1757029303.1989136,Button,,,Brightness_Increase
1757029303.1989136,Left_X,-0.011780,125,
1757029303.1989136,Left_Y,-0.050995,120,
1757029303.1989136,Right_X,-0.019623,124,
1757029303.1989136,Right_Y,0.027435,130,
1757029303.2495596,Left_X,-0.011780,125,
1757029303.2495596,Left_Y,-0.050995,120,
1757029303.2495596,Right_X,-0.019623,124,
1757029303.2495596,Right_Y,0.027435,130,
1757029303.2996933,Left_X,-0.003937,126,
1757029303.2996933,Left_Y,-0.050995,120,
1757029303.2996933,Right_X,-0.019623,124,
1757029303.2996933,Right_Y,0.027435,130,
1757029303.3503287,Left_X,-0.003937,126,
1757029303.3503287,Left_Y,-0.050995,120,
1757029303.3503287,Right_X,-0.019623,124,
1757029303.3503287,Right_Y,0.027435,130,
1757029303.4007568,Button,,,Brightness_Decrease
1757029303.4007568,Left_X,-0.011780,125,
1757029303.4007568,Left_Y,-0.050995,120,
1757029303.4007568,Right_X,-0.019623,124,
1757029303.4007568,Right_Y,0.027435,130,
1757029303.451206,Left_X,-0.003937,126,
1757029303.451206,Left_Y,-0.050995,120,
1757029303.451206,Right_X,-0.019623,124,
1757029303.451206,Right_Y,0.027435,130,
1757029303.501248,Left_X,-0.003937,126,
1757029303.501248,Left_Y,-0.050995,120,
1757029303.501248,Right_X,-0.019623,124,
1757029303.501248,Right_Y,0.027435,130,
1757029303.5520256,Button,,,Brightness_Decrease
1757029303.5520256,Left_X,-0.003937,126,
1757029303.5520256,Left_Y,-0.050995,120,
1757029303.5520256,Right_X,-0.019623,124,
1757029303.5520256,Right_Y,0.027435,130,
1757029303.6020877,Left_X,-0.011780,125,
1757029303.6020877,Left_Y,-0.050995,120,
1757029303.6020877,Right_X,-0.019623,124,
1757029303.6020877,Right_Y,0.027435,130,
1757029303.6526177,Left_X,-0.003937,126,
1757029303.6526177,Left_Y,-0.050995,120,
1757029303.6526177,Right_X,-0.019623,124,
1757029303.6526177,Right_Y,0.027435,130,
1757029303.7026472,Left_X,-0.003937,126,
1757029303.7026472,Left_Y,-0.050995,120,
1757029303.7026472,Right_X,-0.019623,124,
1757029303.7026472,Right_Y,0.027435,130,
1757029303.753174,Button,,,Brightness_Decrease
1757029303.753174,Left_X,-0.003937,126,
1757029303.753174,Left_Y,-0.050995,120,
1757029303.753174,Right_X,-0.019623,124,
1757029303.753174,Right_Y,0.027435,130,
1757029303.8035994,Left_X,-0.011780,125,
1757029303.8035994,Left_Y,-0.050995,120,
1757029303.8035994,Right_X,-0.019623,124,
1757029303.8035994,Right_Y,0.027435,130,
1757029303.8542194,Left_X,-0.003937,126,
1757029303.8542194,Left_Y,-0.050995,120,
1757029303.8542194,Right_X,-0.019623,124,
1757029303.8542194,Right_Y,0.027435,130,
1757029303.9043643,Left_X,-0.003937,126,
1757029303.9043643,Left_Y,-0.050995,120,
1757029303.9043643,Right_X,-0.019623,124,
1757029303.9043643,Right_Y,0.027435,130,
1757029303.9549778,Button,,,Brightness_Decrease
1757029303.9549778,Left_X,-0.011780,125,
1757029303.9549778,Left_Y,-0.050995,120,
1757029303.9549778,Right_X,-0.019623,124,
1757029303.9549778,Right_Y,0.027435,130,
1757029304.0051274,Left_X,-0.011780,125,
1757029304.0051274,Left_Y,-0.050995,120,
1757029304.0051274,Right_X,-0.019623,124,
1757029304.0051274,Right_Y,0.027435,130,
1757029304.0557604,Left_X,-0.003937,126,
1757029304.0557604,Left_Y,-0.050995,120,
1757029304.0557604,Right_X,-0.019623,124,
1757029304.0557604,Right_Y,0.027435,130,
1757029304.1059327,Left_X,-0.011780,125,
1757029304.1059327,Left_Y,-0.050995,120,
1757029304.1059327,Right_X,-0.019623,124,
1757029304.1059327,Right_Y,0.027435,130,
1757029304.1561193,Button,,,Brightness_Decrease
1757029304.1561193,Left_X,-0.003937,126,
1757029304.1561193,Left_Y,-0.050995,120,
1757029304.1561193,Right_X,-0.019623,124,
1757029304.1561193,Right_Y,0.027435,130,
1757029304.2062898,Left_X,-0.003937,126,
1757029304.2062898,Left_Y,-0.050995,120,
1757029304.2062898,Right_X,-0.019623,124,
1757029304.2062898,Right_Y,0.027435,130,
1757029304.2569013,Left_X,-0.003937,126,
1757029304.2569013,Left_Y,-0.050995,120,
1757029304.2569013,Right_X,-0.019623,124,
1757029304.2569013,Right_Y,0.027435,130,
1757029304.3070624,Left_X,-0.003937,126,
1757029304.3070624,Left_Y,-0.050995,120,
1757029304.3070624,Right_X,-0.019623,124,
1757029304.3070624,Right_Y,0.027435,130,
1757029304.3581913,Button,,,Brightness_Decrease
1757029304.3581913,Left_X,-0.003937,126,
1757029304.3581913,Left_Y,-0.050995,120,
1757029304.3581913,Right_X,-0.019623,124,
1757029304.3581913,Right_Y,0.027435,130,
1757029304.4083335,Left_X,-0.003937,126,
1757029304.4083335,Left_Y,-0.050995,120,
1757029304.4083335,Right_X,-0.019623,124,
1757029304.4083335,Right_Y,0.027435,130,
1757029304.4588113,Left_X,-0.003937,126,
1757029304.4588113,Left_Y,-0.050995,120,
1757029304.4588113,Right_X,-0.019623,124,
1757029304.4588113,Right_Y,0.027435,130,
1757029304.5089655,Left_X,-0.011780,125,
1757029304.5089655,Left_Y,-0.050995,120,
1757029304.5089655,Right_X,-0.019623,124,
1757029304.5089655,Right_Y,0.027435,130,
1757029304.5592632,Button,,,Brightness_Decrease
1757029304.5592632,Left_X,-0.003937,126,
1757029304.5592632,Left_Y,-0.050995,120,
1757029304.5592632,Right_X,-0.019623,124,
1757029304.5592632,Right_Y,0.027435,130,
1757029304.6094325,Left_X,-0.003937,126,
1757029304.6094325,Left_Y,-0.050995,120,
1757029304.6094325,Right_X,-0.011780,125,
1757029304.6094325,Right_Y,0.027435,130,
1757029304.6600852,Left_X,-0.003937,126,
1757029304.6600852,Left_Y,-0.050995,120,
1757029304.6600852,Right_X,-0.019623,124,
1757029304.6600852,Right_Y,0.027435,130,
1757029304.7102134,Left_X,-0.003937,126,
1757029304.7102134,Left_Y,-0.050995,120,
1757029304.7102134,Right_X,-0.019623,124,
1757029304.7102134,Right_Y,0.027435,130,
1757029304.7608433,Left_X,-0.003937,126,
1757029304.7608433,Left_Y,-0.050995,120,
1757029304.7608433,Right_X,-0.019623,124,
1757029304.7608433,Right_Y,0.027435,130,
1757029304.811004,Left_X,-0.003937,126,
1757029304.811004,Left_Y,-0.050995,120,
1757029304.811004,Right_X,-0.019623,124,
1757029304.811004,Right_Y,0.027435,130,
1757029304.861635,Left_X,-0.003937,126,
1757029304.861635,Left_Y,-0.050995,120,
1757029304.861635,Right_X,-0.019623,124,
1757029304.861635,Right_Y,0.027435,130,
1757029304.9122705,Left_X,-0.003937,126,
1757029304.9122705,Left_Y,-0.050995,120,
1757029304.9122705,Right_X,-0.019623,124,
1757029304.9122705,Right_Y,0.027435,130,
1757029304.9627073,Left_X,-0.003937,126,
1757029304.9627073,Left_Y,-0.050995,120,
1757029304.9627073,Right_X,-0.019623,124,
1757029304.9627073,Right_Y,0.027435,130,
1757029305.013251,Left_X,-0.003937,126,
1757029305.013251,Left_Y,-0.050995,120,
1757029305.013251,Right_X,-0.019623,124,
1757029305.013251,Right_Y,0.027435,130,
1757029305.0637898,Left_X,-0.003937,126,
1757029305.0637898,Left_Y,-0.050995,120,
1757029305.0637898,Right_X,-0.019623,124,
1757029305.0637898,Right_Y,0.027435,130,
1757029305.1143305,Left_X,-0.003937,126,
1757029305.1143305,Left_Y,-0.050995,120,
1757029305.1143305,Right_X,-0.019623,124,
1757029305.1143305,Right_Y,0.027435,130,
1757029305.164875,Left_X,-0.003937,126,
1757029305.164875,Left_Y,-0.050995,120,
1757029305.164875,Right_X,-0.019623,124,
1757029305.164875,Right_Y,0.027435,130,
1757029305.215202,Left_X,-0.003937,126,
1757029305.215202,Left_Y,-0.050995,120,
1757029305.215202,Right_X,-0.019623,124,
1757029305.215202,Right_Y,0.027435,130,
1757029305.2657166,Left_X,-0.003937,126,
1757029305.2657166,Left_Y,-0.050995,120,
1757029305.2657166,Right_X,-0.019623,124,
1757029305.2657166,Right_Y,0.027435,130,
1757029305.316452,Left_X,-0.011780,125,
1757029305.316452,Left_Y,-0.050995,120,
1757029305.316452,Right_X,-0.019623,124,
1757029305.316452,Right_Y,0.027435,130,
1757029305.3666763,Left_X,-0.003937,126,
1757029305.3666763,Left_Y,-0.050995,120,
1757029305.3666763,Right_X,-0.019623,124,
1757029305.3666763,Right_Y,0.027435,130,
1757029305.4168346,Left_X,-0.003937,126,
1757029305.4168346,Left_Y,-0.050995,120,
1757029305.4168346,Right_X,-0.019623,124,
1757029305.4168346,Right_Y,0.027435,130,
1757029305.4679499,Left_X,-0.011780,125,
1757029305.4679499,Left_Y,-0.050995,120,
1757029305.4679499,Right_X,-0.019623,124,
1757029305.4679499,Right_Y,0.027435,130,
1757029305.5180538,Left_X,-0.003937,126,
1757029305.5180538,Left_Y,-0.050995,120,
1757029305.5180538,Right_X,-0.019623,124,
1757029305.5180538,Right_Y,0.027435,130,
1757029305.5681741,Left_X,-0.011780,125,
1757029305.5681741,Left_Y,-0.050995,120,
1757029305.5681741,Right_X,-0.011780,125,
1757029305.5681741,Right_Y,0.027435,130,
1757029305.6182394,Left_X,-0.011780,125,
1757029305.6182394,Left_Y,-0.050995,120,
1757029305.6182394,Right_X,-0.011780,125,
1757029305.6182394,Right_Y,0.027435,130,
1757029305.6683893,Left_X,-0.003937,126,
1757029305.6683893,Left_Y,-0.050995,120,
1757029305.6683893,Right_X,-0.011780,125,
1757029305.6683893,Right_Y,0.027435,130,
1757029305.7185612,Left_X,-0.003937,126,
1757029305.7185612,Left_Y,-0.050995,120,
1757029305.7185612,Right_X,-0.003937,126,
1757029305.7185612,Right_Y,0.027435,130,
1757029305.7691872,Left_X,-0.011780,125,
1757029305.7691872,Left_Y,-0.050995,120,
1757029305.7691872,Right_X,-0.011780,125,
1757029305.7691872,Right_Y,0.027435,130,
1757029305.8198302,Left_X,-0.003937,126,
1757029305.8198302,Left_Y,-0.050995,120,
1757029305.8198302,Right_X,-0.011780,125,
1757029305.8198302,Right_Y,0.027435,130,
1757029305.8704407,Left_X,-0.003937,126,
1757029305.8704407,Left_Y,-0.050995,120,
1757029305.8704407,Right_X,-0.011780,125,
1757029305.8704407,Right_Y,0.027435,130,
1757029305.9210727,Left_X,-0.003937,126,
1757029305.9210727,Left_Y,-0.050995,120,
1757029305.9210727,Right_X,-0.019623,124,
1757029305.9210727,Right_Y,0.027435,130,
1757029305.971263,Left_X,-0.003937,126,
1757029305.971263,Left_Y,-0.050995,120,
1757029305.971263,Right_X,-0.019623,124,
1757029305.971263,Right_Y,0.027435,130,
1757029306.0218928,Left_X,-0.011780,125,
1757029306.0218928,Left_Y,-0.050995,120,
1757029306.0218928,Right_X,-0.019623,124,
1757029306.0218928,Right_Y,0.027435,130,
1757029306.0725267,Left_X,-0.003937,126,
1757029306.0725267,Left_Y,-0.050995,120,
1757029306.0725267,Right_X,-0.019623,124,
1757029306.0725267,Right_Y,0.027435,130,
1757029306.1231668,Left_X,-0.011780,125,
1757029306.1231668,Left_Y,-0.050995,120,
1757029306.1231668,Right_X,-0.019623,124,
1757029306.1231668,Right_Y,0.027435,130,
1757029306.1738062,Left_X,-0.003937,126,
1757029306.1738062,Left_Y,-0.050995,120,
1757029306.1738062,Right_X,-0.019623,124,
1757029306.1738062,Right_Y,0.027435,130,
1757029306.2240798,Left_X,-0.003937,126,
1757029306.2240798,Left_Y,-0.050995,120,
1757029306.2240798,Right_X,-0.019623,124,
1757029306.2240798,Right_Y,0.027435,130,
1757029306.2747045,Left_X,-0.003937,126,
1757029306.2747045,Left_Y,-0.050995,120,
1757029306.2747045,Right_X,-0.019623,124,
1757029306.2747045,Right_Y,0.027435,130,
1757029306.325232,Left_X,-0.011780,125,
1757029306.325232,Left_Y,-0.050995,120,
1757029306.325232,Right_X,-0.019623,124,
1757029306.325232,Right_Y,0.027435,130,
1757029306.3757603,Left_X,-0.003937,126,
1757029306.3757603,Left_Y,-0.050995,120,
1757029306.3757603,Right_X,-0.019623,124,
1757029306.3757603,Right_Y,0.027435,130,
1757029306.427794,Left_X,-0.003937,126,
1757029306.427794,Left_Y,-0.050995,120,
1757029306.427794,Right_X,-0.019623,124,
1757029306.427794,Right_Y,0.027435,130,
1757029306.4768238,Left_X,-0.003937,126,
1757029306.4768238,Left_Y,-0.050995,120,
1757029306.4768238,Right_X,-0.019623,124,
1757029306.4768238,Right_Y,0.027435,130,
1757029306.5268512,Left_X,-0.011780,125,
1757029306.5268512,Left_Y,-0.050995,120,
1757029306.5268512,Right_X,-0.019623,124,
1757029306.5268512,Right_Y,0.027435,130,
1757029306.5778816,Left_X,-0.011780,125,
1757029306.5778816,Left_Y,-0.050995,120,
1757029306.5778816,Right_X,-0.019623,124,
1757029306.5778816,Right_Y,0.027435,130,
1757029306.6279092,Left_X,-0.003937,126,
1757029306.6279092,Left_Y,-0.050995,120,
1757029306.6279092,Right_X,-0.019623,124,
1757029306.6279092,Right_Y,0.027435,130,
1757029306.6779342,Left_X,-0.003937,126,
1757029306.6779342,Left_Y,-0.043152,121,
1757029306.6779342,Right_X,-0.019623,124,
1757029306.6779342,Right_Y,0.027435,130,
1757029306.727974,Left_X,-0.003937,126,
1757029306.727974,Left_Y,-0.050995,120,
1757029306.727974,Right_X,-0.019623,124,
1757029306.727974,Right_Y,0.027435,130,
1757029306.7780056,Left_X,-0.003937,126,
1757029306.7780056,Left_Y,-0.043152,121,
1757029306.7780056,Right_X,-0.019623,124,
1757029306.7780056,Right_Y,0.027435,130,
1757029306.8280325,Left_X,-0.003937,126,
1757029306.8280325,Left_Y,-0.043152,121,
1757029306.8280325,Right_X,-0.019623,124,
1757029306.8280325,Right_Y,0.027435,130,
1757029306.8780572,Left_X,-0.003937,126,
1757029306.8780572,Left_Y,-0.050995,120,
1757029306.8780572,Right_X,-0.019623,124,
1757029306.8780572,Right_Y,0.027435,130,
1757029306.9280884,Left_X,-0.003937,126,
1757029306.9280884,Left_Y,-0.050995,120,
1757029306.9280884,Right_X,-0.019623,124,
1757029306.9280884,Right_Y,0.027435,130,
1757029306.978122,Left_X,-0.003937,126,
1757029306.978122,Left_Y,-0.050995,120,
1757029306.978122,Right_X,-0.019623,124,
1757029306.978122,Right_Y,0.027435,130,
